insert into makers (id, name) values (1, 'Acura');
insert into makers (id, name) values (2, 'Aixam');
insert into makers (id, name) values (3, 'Alfa Romeo');
insert into makers (id, name) values (4, 'Alpina');
insert into makers (id, name) values (5, 'Aro');
insert into makers (id, name) values (6, 'Asia');
insert into makers (id, name) values (7, 'Aston martin');
insert into makers (id, name) values (8, 'Audi');
insert into makers (id, name) values (9, 'Austin');
insert into makers (id, name) values (10, 'BMW');
insert into makers (id, name) values (11, 'Bentley');
insert into makers (id, name) values (12, 'Berliner');
insert into makers (id, name) values (13, 'Bertone');
insert into makers (id, name) values (14, 'Borgward');
insert into makers (id, name) values (15, 'Brilliance');
insert into makers (id, name) values (16, 'Bugatti');
insert into makers (id, name) values (17, 'Buick');
insert into makers (id, name) values (18, 'Cadillac');
insert into makers (id, name) values (19, 'Chevrolet');
insert into makers (id, name) values (20, 'Chrysler');
insert into makers (id, name) values (21, 'Citroen');
insert into makers (id, name) values (22, 'Corvette');
insert into makers (id, name) values (23, 'Cupra');
insert into makers (id, name) values (24, 'DS');
insert into makers (id, name) values (25, 'Dacia');
insert into makers (id, name) values (26, 'Daewoo');
insert into makers (id, name) values (27, 'Daihatsu');
insert into makers (id, name) values (28, 'Daimler');
insert into makers (id, name) values (29, 'Datsun');
insert into makers (id, name) values (30, 'Dkw');
insert into makers (id, name) values (31, 'Dodge');
insert into makers (id, name) values (32, 'Dr');
insert into makers (id, name) values (33, 'Eagle');
insert into makers (id, name) values (34, 'FSO');
insert into makers (id, name) values (35, 'Ferrari');
insert into makers (id, name) values (36, 'Fiat');
insert into makers (id, name) values (37, 'Ford');
insert into makers (id, name) values (38, 'GOUPIL');
insert into makers (id, name) values (39, 'Gaz');
insert into makers (id, name) values (40, 'Geo');
insert into makers (id, name) values (41, 'Gmc');
insert into makers (id, name) values (42, 'Great Wall');
insert into makers (id, name) values (43, 'Haval');
insert into makers (id, name) values (44, 'Heinkel');
insert into makers (id, name) values (45, 'Hillman');
insert into makers (id, name) values (46, 'Honda');
insert into makers (id, name) values (47, 'Hummer');
insert into makers (id, name) values (48, 'Hyundai');
insert into makers (id, name) values (49, 'Ifa');
insert into makers (id, name) values (50, 'Infiniti');
insert into makers (id, name) values (51, 'Innocenti');
insert into makers (id, name) values (52, 'Isuzu');
insert into makers (id, name) values (53, 'Iveco');
insert into makers (id, name) values (54, 'Jaguar');
insert into makers (id, name) values (55, 'Jeep');
insert into makers (id, name) values (56, 'Jpx');
insert into makers (id, name) values (57, 'Kia');
insert into makers (id, name) values (58, 'Lada');
insert into makers (id, name) values (59, 'Laforza');
insert into makers (id, name) values (60, 'Lamborghini');
insert into makers (id, name) values (61, 'Lancia');
insert into makers (id, name) values (62, 'Land Rover');
insert into makers (id, name) values (63, 'Landwind');
insert into makers (id, name) values (64, 'Lexus');
insert into makers (id, name) values (65, 'Lifan');
insert into makers (id, name) values (66, 'Lincoln');
insert into makers (id, name) values (67, 'Lotus');
insert into makers (id, name) values (68, 'Mahindra');
insert into makers (id, name) values (69, 'Maserati');
insert into makers (id, name) values (70, 'Matra');
insert into makers (id, name) values (71, 'Maybach');
insert into makers (id, name) values (72, 'Mazda');
insert into makers (id, name) values (73, 'McLaren');
insert into makers (id, name) values (74, 'Mercedes-Benz');
insert into makers (id, name) values (75, 'Mercury');
insert into makers (id, name) values (76, 'MG');
insert into makers (id, name) values (77, 'Microcar');
insert into makers (id, name) values (78, 'Mini');
insert into makers (id, name) values (79, 'Mitsubishi');
insert into makers (id, name) values (80, 'Morgan');
insert into makers (id, name) values (81, 'Moskvich');
insert into makers (id, name) values (82, 'Nissan');
insert into makers (id, name) values (83, 'Oldsmobile');
insert into makers (id, name) values (84, 'Opel');
insert into makers (id, name) values (85, 'Perodua');
insert into makers (id, name) values (86, 'Peugeot');
insert into makers (id, name) values (87, 'Pgo');
insert into makers (id, name) values (88, 'Plymouth');
insert into makers (id, name) values (89, 'Polonez');
insert into makers (id, name) values (90, 'Pontiac');
insert into makers (id, name) values (91, 'Porsche');
insert into makers (id, name) values (92, 'Proton');
insert into makers (id, name) values (93, 'Renault');
insert into makers (id, name) values (94, 'Rolls-Royce');
insert into makers (id, name) values (95, 'Rover');
insert into makers (id, name) values (96, 'SECMA');
insert into makers (id, name) values (97, 'SH auto');
insert into makers (id, name) values (98, 'Saab');
insert into makers (id, name) values (99, 'Samand');
insert into makers (id, name) values (100, 'Santana');
insert into makers (id, name) values (101, 'Saturn');
insert into makers (id, name) values (102, 'Scion');
insert into makers (id, name) values (103, 'Seat');
insert into makers (id, name) values (104, 'Shatenet');
insert into makers (id, name) values (105, 'Shuanghuan');
insert into makers (id, name) values (106, 'Simca');
insert into makers (id, name) values (107, 'Skoda');
insert into makers (id, name) values (108, 'Smart');
insert into makers (id, name) values (109, 'Ssang yong');
insert into makers (id, name) values (110, 'SsangYong');
insert into makers (id, name) values (111, 'Subaru');
insert into makers (id, name) values (112, 'Suzuki');
insert into makers (id, name) values (113, 'Talbot');
insert into makers (id, name) values (114, 'Tata');
insert into makers (id, name) values (115, 'Tavria');
insert into makers (id, name) values (116, 'Tazzari');
insert into makers (id, name) values (117, 'Tempo');
insert into makers (id, name) values (118, 'Terberg');
insert into makers (id, name) values (119, 'Tesla');
insert into makers (id, name) values (120, 'Tofas');
insert into makers (id, name) values (121, 'Toyota');
insert into makers (id, name) values (122, 'Trabant');
insert into makers (id, name) values (123, 'Triumph');
insert into makers (id, name) values (124, 'Uaz');
insert into makers (id, name) values (125, 'VROMOS');
insert into makers (id, name) values (126, 'VW');
insert into makers (id, name) values (127, 'Volga');
insert into makers (id, name) values (128, 'Volvo');
insert into makers (id, name) values (129, 'Warszawa');
insert into makers (id, name) values (130, 'Wartburg');
insert into makers (id, name) values (131, 'Wiesmann');
insert into makers (id, name) values (132, 'Xinkai');
insert into makers (id, name) values (133, 'Xinshun');
insert into makers (id, name) values (134, 'Zastava');
insert into makers (id, name) values (135, 'Zaz');
insert into models (id, name, maker_id) values (1, 'Integra', 1);
insert into models (id, name, maker_id) values (2, 'Mdx', 1);
insert into models (id, name, maker_id) values (3, 'NSX', 1);
insert into models (id, name, maker_id) values (4, 'Rdx', 1);
insert into models (id, name, maker_id) values (5, 'Rl', 1);
insert into models (id, name, maker_id) values (6, 'Rsx', 1);
insert into models (id, name, maker_id) values (7, 'Slx', 1);
insert into models (id, name, maker_id) values (8, 'Tl', 1);
insert into models (id, name, maker_id) values (9, 'Tsx', 1);
insert into models (id, name, maker_id) values (10, '400', 2);
insert into models (id, name, maker_id) values (11, '505', 2);
insert into models (id, name, maker_id) values (12, '600', 2);
insert into models (id, name, maker_id) values (13, '145', 3);
insert into models (id, name, maker_id) values (14, '146', 3);
insert into models (id, name, maker_id) values (15, '147', 3);
insert into models (id, name, maker_id) values (16, '155', 3);
insert into models (id, name, maker_id) values (17, '156', 3);
insert into models (id, name, maker_id) values (18, '156 sportwagon', 3);
insert into models (id, name, maker_id) values (19, '159', 3);
insert into models (id, name, maker_id) values (20, '159 sportwagon', 3);
insert into models (id, name, maker_id) values (21, '164', 3);
insert into models (id, name, maker_id) values (22, '166', 3);
insert into models (id, name, maker_id) values (23, '33', 3);
insert into models (id, name, maker_id) values (24, '4C', 3);
insert into models (id, name, maker_id) values (25, '75', 3);
insert into models (id, name, maker_id) values (26, '76', 3);
insert into models (id, name, maker_id) values (27, '8C Competizione', 3);
insert into models (id, name, maker_id) values (28, '90', 3);
insert into models (id, name, maker_id) values (29, 'Alfetta', 3);
insert into models (id, name, maker_id) values (30, 'Berlina', 3);
insert into models (id, name, maker_id) values (31, 'Brera', 3);
insert into models (id, name, maker_id) values (32, 'Crosswagon q4', 3);
insert into models (id, name, maker_id) values (33, 'Giulia', 3);
insert into models (id, name, maker_id) values (34, 'Giulietta', 3);
insert into models (id, name, maker_id) values (35, 'Gt', 3);
insert into models (id, name, maker_id) values (36, 'Gtv', 3);
insert into models (id, name, maker_id) values (37, 'MiTo', 3);
insert into models (id, name, maker_id) values (38, 'Spider', 3);
insert into models (id, name, maker_id) values (39, 'Sprint', 3);
insert into models (id, name, maker_id) values (40, 'Stelvio', 3);
insert into models (id, name, maker_id) values (41, 'Sud', 3);
insert into models (id, name, maker_id) values (42, 'B10', 4);
insert into models (id, name, maker_id) values (43, 'B11', 4);
insert into models (id, name, maker_id) values (44, 'B12', 4);
insert into models (id, name, maker_id) values (45, 'B3', 4);
insert into models (id, name, maker_id) values (46, 'B4', 4);
insert into models (id, name, maker_id) values (47, 'B5', 4);
insert into models (id, name, maker_id) values (48, 'B6', 4);
insert into models (id, name, maker_id) values (49, 'B7', 4);
insert into models (id, name, maker_id) values (50, 'B8', 4);
insert into models (id, name, maker_id) values (51, 'B9', 4);
insert into models (id, name, maker_id) values (52, 'C1', 4);
insert into models (id, name, maker_id) values (53, 'C2', 4);
insert into models (id, name, maker_id) values (54, 'D3', 4);
insert into models (id, name, maker_id) values (55, 'D4', 4);
insert into models (id, name, maker_id) values (56, 'D5', 4);
insert into models (id, name, maker_id) values (57, 'Roadster', 4);
insert into models (id, name, maker_id) values (58, 'XD3', 4);
insert into models (id, name, maker_id) values (59, '10', 5);
insert into models (id, name, maker_id) values (60, '24', 5);
insert into models (id, name, maker_id) values (61, '242', 5);
insert into models (id, name, maker_id) values (62, '243', 5);
insert into models (id, name, maker_id) values (63, '244', 5);
insert into models (id, name, maker_id) values (64, '246', 5);
insert into models (id, name, maker_id) values (65, '32', 5);
insert into models (id, name, maker_id) values (66, '320', 5);
insert into models (id, name, maker_id) values (67, '324', 5);
insert into models (id, name, maker_id) values (68, '328', 5);
insert into models (id, name, maker_id) values (69, '33', 5);
insert into models (id, name, maker_id) values (70, 'Rocsta', 6);
insert into models (id, name, maker_id) values (71, '.', 7);
insert into models (id, name, maker_id) values (72, 'DBS', 7);
insert into models (id, name, maker_id) values (73, 'Db7', 7);
insert into models (id, name, maker_id) values (74, 'Db9', 7);
insert into models (id, name, maker_id) values (75, 'Rapide', 7);
insert into models (id, name, maker_id) values (76, 'V12 Vantage', 7);
insert into models (id, name, maker_id) values (77, 'V8 Vantage', 7);
insert into models (id, name, maker_id) values (78, 'Vanquish', 7);
insert into models (id, name, maker_id) values (79, '100', 8);
insert into models (id, name, maker_id) values (80, '200', 8);
insert into models (id, name, maker_id) values (81, '50', 8);
insert into models (id, name, maker_id) values (82, '60', 8);
insert into models (id, name, maker_id) values (83, '80', 8);
insert into models (id, name, maker_id) values (84, '90', 8);
insert into models (id, name, maker_id) values (85, 'A1', 8);
insert into models (id, name, maker_id) values (86, 'A2', 8);
insert into models (id, name, maker_id) values (87, 'A3', 8);
insert into models (id, name, maker_id) values (88, 'A4', 8);
insert into models (id, name, maker_id) values (89, 'A4 Allroad', 8);
insert into models (id, name, maker_id) values (90, 'A5', 8);
insert into models (id, name, maker_id) values (91, 'A6', 8);
insert into models (id, name, maker_id) values (92, 'A6 Allroad', 8);
insert into models (id, name, maker_id) values (93, 'A7', 8);
insert into models (id, name, maker_id) values (94, 'A8', 8);
insert into models (id, name, maker_id) values (95, 'Allroad', 8);
insert into models (id, name, maker_id) values (96, 'Cabriolet', 8);
insert into models (id, name, maker_id) values (97, 'Coupe', 8);
insert into models (id, name, maker_id) values (98, 'E-Tron', 8);
insert into models (id, name, maker_id) values (99, 'Q2', 8);
insert into models (id, name, maker_id) values (100, 'Q3', 8);
insert into models (id, name, maker_id) values (101, 'Q5', 8);
insert into models (id, name, maker_id) values (102, 'Q7', 8);
insert into models (id, name, maker_id) values (103, 'Q8', 8);
insert into models (id, name, maker_id) values (104, 'Quattro', 8);
insert into models (id, name, maker_id) values (105, 'R8', 8);
insert into models (id, name, maker_id) values (106, 'Rs3', 8);
insert into models (id, name, maker_id) values (107, 'Rs4', 8);
insert into models (id, name, maker_id) values (108, 'Rs5', 8);
insert into models (id, name, maker_id) values (109, 'Rs6', 8);
insert into models (id, name, maker_id) values (110, 'Rs7', 8);
insert into models (id, name, maker_id) values (111, 'S2', 8);
insert into models (id, name, maker_id) values (112, 'S3', 8);
insert into models (id, name, maker_id) values (113, 'S4', 8);
insert into models (id, name, maker_id) values (114, 'S5', 8);
insert into models (id, name, maker_id) values (115, 'S6', 8);
insert into models (id, name, maker_id) values (116, 'S7', 8);
insert into models (id, name, maker_id) values (117, 'S8', 8);
insert into models (id, name, maker_id) values (118, 'SQ5', 8);
insert into models (id, name, maker_id) values (119, 'SQ7', 8);
insert into models (id, name, maker_id) values (120, 'SQ8', 8);
insert into models (id, name, maker_id) values (121, 'Tt', 8);
insert into models (id, name, maker_id) values (122, 'Allegro', 9);
insert into models (id, name, maker_id) values (123, 'Ambassador', 9);
insert into models (id, name, maker_id) values (124, 'Maestro', 9);
insert into models (id, name, maker_id) values (125, 'Maxi', 9);
insert into models (id, name, maker_id) values (126, 'Metro', 9);
insert into models (id, name, maker_id) values (127, 'Mg', 9);
insert into models (id, name, maker_id) values (128, 'Mini', 9);
insert into models (id, name, maker_id) values (129, 'Montego', 9);
insert into models (id, name, maker_id) values (130, 'Princess', 9);
insert into models (id, name, maker_id) values (131, '1', 10);
insert into models (id, name, maker_id) values (132, '114', 10);
insert into models (id, name, maker_id) values (133, '116', 10);
insert into models (id, name, maker_id) values (134, '118', 10);
insert into models (id, name, maker_id) values (135, '120', 10);
insert into models (id, name, maker_id) values (136, '123', 10);
insert into models (id, name, maker_id) values (137, '125', 10);
insert into models (id, name, maker_id) values (138, '130', 10);
insert into models (id, name, maker_id) values (139, '135', 10);
insert into models (id, name, maker_id) values (140, '1500', 10);
insert into models (id, name, maker_id) values (141, '1600', 10);
insert into models (id, name, maker_id) values (142, '1602', 10);
insert into models (id, name, maker_id) values (143, '1800', 10);
insert into models (id, name, maker_id) values (144, '2', 10);
insert into models (id, name, maker_id) values (145, '2 Active Tourer', 10);
insert into models (id, name, maker_id) values (146, '2 Gran Tourer', 10);
insert into models (id, name, maker_id) values (147, '2000', 10);
insert into models (id, name, maker_id) values (148, '2002', 10);
insert into models (id, name, maker_id) values (149, '220 d', 10);
insert into models (id, name, maker_id) values (150, '225', 10);
insert into models (id, name, maker_id) values (151, '228', 10);
insert into models (id, name, maker_id) values (152, '230', 10);
insert into models (id, name, maker_id) values (153, '235', 10);
insert into models (id, name, maker_id) values (154, '240', 10);
insert into models (id, name, maker_id) values (155, '2800', 10);
insert into models (id, name, maker_id) values (156, '3', 10);
insert into models (id, name, maker_id) values (157, '315', 10);
insert into models (id, name, maker_id) values (158, '316', 10);
insert into models (id, name, maker_id) values (159, '318', 10);
insert into models (id, name, maker_id) values (160, '320', 10);
insert into models (id, name, maker_id) values (161, '323', 10);
insert into models (id, name, maker_id) values (162, '324', 10);
insert into models (id, name, maker_id) values (163, '325', 10);
insert into models (id, name, maker_id) values (164, '328', 10);
insert into models (id, name, maker_id) values (165, '330', 10);
insert into models (id, name, maker_id) values (166, '335', 10);
insert into models (id, name, maker_id) values (167, '340', 10);
insert into models (id, name, maker_id) values (168, '3gt', 10);
insert into models (id, name, maker_id) values (169, '4', 10);
insert into models (id, name, maker_id) values (170, '420', 10);
insert into models (id, name, maker_id) values (171, '428', 10);
insert into models (id, name, maker_id) values (172, '430', 10);
insert into models (id, name, maker_id) values (173, '435', 10);
insert into models (id, name, maker_id) values (174, '440', 10);
insert into models (id, name, maker_id) values (175, '5', 10);
insert into models (id, name, maker_id) values (176, '5 Gran Turismo', 10);
insert into models (id, name, maker_id) values (177, '501', 10);
insert into models (id, name, maker_id) values (178, '518', 10);
insert into models (id, name, maker_id) values (179, '520', 10);
insert into models (id, name, maker_id) values (180, '523', 10);
insert into models (id, name, maker_id) values (181, '524', 10);
insert into models (id, name, maker_id) values (182, '525', 10);
insert into models (id, name, maker_id) values (183, '528', 10);
insert into models (id, name, maker_id) values (184, '530', 10);
insert into models (id, name, maker_id) values (185, '535', 10);
insert into models (id, name, maker_id) values (186, '540', 10);
insert into models (id, name, maker_id) values (187, '545', 10);
insert into models (id, name, maker_id) values (188, '550', 10);
insert into models (id, name, maker_id) values (189, '6', 10);
insert into models (id, name, maker_id) values (190, '628', 10);
insert into models (id, name, maker_id) values (191, '630', 10);
insert into models (id, name, maker_id) values (192, '633', 10);
insert into models (id, name, maker_id) values (193, '635', 10);
insert into models (id, name, maker_id) values (194, '640', 10);
insert into models (id, name, maker_id) values (195, '645', 10);
insert into models (id, name, maker_id) values (196, '650', 10);
insert into models (id, name, maker_id) values (197, '7', 10);
insert into models (id, name, maker_id) values (198, '700', 10);
insert into models (id, name, maker_id) values (199, '721', 10);
insert into models (id, name, maker_id) values (200, '723', 10);
insert into models (id, name, maker_id) values (201, '725', 10);
insert into models (id, name, maker_id) values (202, '728', 10);
insert into models (id, name, maker_id) values (203, '730', 10);
insert into models (id, name, maker_id) values (204, '732', 10);
insert into models (id, name, maker_id) values (205, '733', 10);
insert into models (id, name, maker_id) values (206, '735', 10);
insert into models (id, name, maker_id) values (207, '740', 10);
insert into models (id, name, maker_id) values (208, '745', 10);
insert into models (id, name, maker_id) values (209, '750', 10);
insert into models (id, name, maker_id) values (210, '760', 10);
insert into models (id, name, maker_id) values (211, '840', 10);
insert into models (id, name, maker_id) values (212, '850', 10);
insert into models (id, name, maker_id) values (213, 'Izetta', 10);
insert into models (id, name, maker_id) values (214, 'M', 10);
insert into models (id, name, maker_id) values (215, 'M Coupе', 10);
insert into models (id, name, maker_id) values (216, 'M135', 10);
insert into models (id, name, maker_id) values (217, 'M2', 10);
insert into models (id, name, maker_id) values (218, 'M3', 10);
insert into models (id, name, maker_id) values (219, 'M4', 10);
insert into models (id, name, maker_id) values (220, 'M5', 10);
insert into models (id, name, maker_id) values (221, 'M6', 10);
insert into models (id, name, maker_id) values (222, 'X1', 10);
insert into models (id, name, maker_id) values (223, 'X2', 10);
insert into models (id, name, maker_id) values (224, 'X3', 10);
insert into models (id, name, maker_id) values (225, 'X4', 10);
insert into models (id, name, maker_id) values (226, 'X5', 10);
insert into models (id, name, maker_id) values (227, 'X6', 10);
insert into models (id, name, maker_id) values (228, 'X7', 10);
insert into models (id, name, maker_id) values (229, 'Z1', 10);
insert into models (id, name, maker_id) values (230, 'Z3', 10);
insert into models (id, name, maker_id) values (231, 'Z4', 10);
insert into models (id, name, maker_id) values (232, 'Z8', 10);
insert into models (id, name, maker_id) values (233, 'i3', 10);
insert into models (id, name, maker_id) values (234, 'i8', 10);
insert into models (id, name, maker_id) values (235, 'Arnage', 11);
insert into models (id, name, maker_id) values (236, 'Azure', 11);
insert into models (id, name, maker_id) values (237, 'Bentayga', 11);
insert into models (id, name, maker_id) values (238, 'Continental', 11);
insert into models (id, name, maker_id) values (239, 'Continental gt', 11);
insert into models (id, name, maker_id) values (240, 'Flying Spur', 11);
insert into models (id, name, maker_id) values (241, 'GT Convertible', 11);
insert into models (id, name, maker_id) values (242, 'Mulsanne', 11);
insert into models (id, name, maker_id) values (243, 'T-series', 11);
insert into models (id, name, maker_id) values (244, 'Coupe', 12);
insert into models (id, name, maker_id) values (245, 'Freeclimber', 13);
insert into models (id, name, maker_id) values (246, 'Hansa', 14);
insert into models (id, name, maker_id) values (247, 'BC3', 15);
insert into models (id, name, maker_id) values (248, 'BS2 ', 15);
insert into models (id, name, maker_id) values (249, 'BS4', 15);
insert into models (id, name, maker_id) values (250, 'BS6', 15);
insert into models (id, name, maker_id) values (251, 'Dolphin', 15);
insert into models (id, name, maker_id) values (252, 'FRV', 15);
insert into models (id, name, maker_id) values (253, 'FSV', 15);
insert into models (id, name, maker_id) values (254, 'H220', 15);
insert into models (id, name, maker_id) values (255, 'H230', 15);
insert into models (id, name, maker_id) values (256, 'H320', 15);
insert into models (id, name, maker_id) values (257, 'H330', 15);
insert into models (id, name, maker_id) values (258, 'H530', 15);
insert into models (id, name, maker_id) values (259, 'V3', 15);
insert into models (id, name, maker_id) values (260, 'V5', 15);
insert into models (id, name, maker_id) values (261, 'Chiron', 16);
insert into models (id, name, maker_id) values (262, 'Veyron', 16);
insert into models (id, name, maker_id) values (263, 'Electra', 17);
insert into models (id, name, maker_id) values (264, 'Invicta', 17);
insert into models (id, name, maker_id) values (265, 'Park avenue', 17);
insert into models (id, name, maker_id) values (266, 'Regal', 17);
insert into models (id, name, maker_id) values (267, 'Rendezvous', 17);
insert into models (id, name, maker_id) values (268, 'Skylark', 17);
insert into models (id, name, maker_id) values (269, 'Skyline', 17);
insert into models (id, name, maker_id) values (270, 'ATS', 18);
insert into models (id, name, maker_id) values (271, 'Allante', 18);
insert into models (id, name, maker_id) values (272, 'BLS', 18);
insert into models (id, name, maker_id) values (273, 'Brougham', 18);
insert into models (id, name, maker_id) values (274, 'CT6', 18);
insert into models (id, name, maker_id) values (275, 'Cts', 18);
insert into models (id, name, maker_id) values (276, 'DTS', 18);
insert into models (id, name, maker_id) values (277, 'Deville', 18);
insert into models (id, name, maker_id) values (278, 'Eldorado', 18);
insert into models (id, name, maker_id) values (279, 'Escalade', 18);
insert into models (id, name, maker_id) values (280, 'Fleetwood', 18);
insert into models (id, name, maker_id) values (281, 'STS', 18);
insert into models (id, name, maker_id) values (282, 'Seville', 18);
insert into models (id, name, maker_id) values (283, 'Srx', 18);
insert into models (id, name, maker_id) values (284, 'XT5', 18);
insert into models (id, name, maker_id) values (285, 'XTS', 18);
insert into models (id, name, maker_id) values (286, 'Xlr', 18);
insert into models (id, name, maker_id) values (287, 'Alero', 19);
insert into models (id, name, maker_id) values (288, 'Astro', 19);
insert into models (id, name, maker_id) values (289, 'Avalanche', 19);
insert into models (id, name, maker_id) values (290, 'Aveo', 19);
insert into models (id, name, maker_id) values (291, 'Beretta', 19);
insert into models (id, name, maker_id) values (292, 'Blazer', 19);
insert into models (id, name, maker_id) values (293, 'Camaro', 19);
insert into models (id, name, maker_id) values (294, 'Caprice', 19);
insert into models (id, name, maker_id) values (295, 'Captiva', 19);
insert into models (id, name, maker_id) values (296, 'Cavalier', 19);
insert into models (id, name, maker_id) values (297, 'Cobalt', 19);
insert into models (id, name, maker_id) values (298, 'Colorado', 19);
insert into models (id, name, maker_id) values (299, 'Corvette', 19);
insert into models (id, name, maker_id) values (300, 'Cruze', 19);
insert into models (id, name, maker_id) values (301, 'El Camino', 19);
insert into models (id, name, maker_id) values (302, 'Epica', 19);
insert into models (id, name, maker_id) values (303, 'Equinox', 19);
insert into models (id, name, maker_id) values (304, 'Evanda', 19);
insert into models (id, name, maker_id) values (305, 'Gmc', 19);
insert into models (id, name, maker_id) values (306, 'Hhr', 19);
insert into models (id, name, maker_id) values (307, 'Impala', 19);
insert into models (id, name, maker_id) values (308, 'Kalos', 19);
insert into models (id, name, maker_id) values (309, 'Lacetti', 19);
insert into models (id, name, maker_id) values (310, 'Lumina', 19);
insert into models (id, name, maker_id) values (311, 'Malibu', 19);
insert into models (id, name, maker_id) values (312, 'Matiz', 19);
insert into models (id, name, maker_id) values (313, 'Niva', 19);
insert into models (id, name, maker_id) values (314, 'Nova', 19);
insert into models (id, name, maker_id) values (315, 'Nubira', 19);
insert into models (id, name, maker_id) values (316, 'Orlando', 19);
insert into models (id, name, maker_id) values (317, 'Rezzo', 19);
insert into models (id, name, maker_id) values (318, 'Silverado', 19);
insert into models (id, name, maker_id) values (319, 'Spark', 19);
insert into models (id, name, maker_id) values (320, 'Ssr', 19);
insert into models (id, name, maker_id) values (321, 'Suburban', 19);
insert into models (id, name, maker_id) values (322, 'Tacuma', 19);
insert into models (id, name, maker_id) values (323, 'Tahoe', 19);
insert into models (id, name, maker_id) values (324, 'Tracker', 19);
insert into models (id, name, maker_id) values (325, 'Trailblazer', 19);
insert into models (id, name, maker_id) values (326, 'Transsport', 19);
insert into models (id, name, maker_id) values (327, 'Trax', 19);
insert into models (id, name, maker_id) values (328, 'Volt', 19);
insert into models (id, name, maker_id) values (329, '200', 20);
insert into models (id, name, maker_id) values (330, '300c', 20);
insert into models (id, name, maker_id) values (331, '300m', 20);
insert into models (id, name, maker_id) values (332, 'Cherokee', 20);
insert into models (id, name, maker_id) values (333, 'Crossfire', 20);
insert into models (id, name, maker_id) values (334, 'Daytona', 20);
insert into models (id, name, maker_id) values (335, 'Es', 20);
insert into models (id, name, maker_id) values (336, 'Gr.voyager', 20);
insert into models (id, name, maker_id) values (337, 'Grand cherokee', 20);
insert into models (id, name, maker_id) values (338, 'Gts', 20);
insert into models (id, name, maker_id) values (339, 'Interpid', 20);
insert into models (id, name, maker_id) values (340, 'Lebaron', 20);
insert into models (id, name, maker_id) values (341, 'Neon', 20);
insert into models (id, name, maker_id) values (342, 'New yorker', 20);
insert into models (id, name, maker_id) values (343, 'Pacifica', 20);
insert into models (id, name, maker_id) values (344, 'Pt cruiser', 20);
insert into models (id, name, maker_id) values (345, 'Saratoga', 20);
insert into models (id, name, maker_id) values (346, 'Sebring', 20);
insert into models (id, name, maker_id) values (347, 'Stratus', 20);
insert into models (id, name, maker_id) values (348, 'Vision', 20);
insert into models (id, name, maker_id) values (349, 'Voyager', 20);
insert into models (id, name, maker_id) values (350, 'Wrangler', 20);
insert into models (id, name, maker_id) values (351, '2cv', 21);
insert into models (id, name, maker_id) values (352, 'Ax', 21);
insert into models (id, name, maker_id) values (353, 'Axel', 21);
insert into models (id, name, maker_id) values (354, 'Berlingo', 21);
insert into models (id, name, maker_id) values (355, 'Bx', 21);
insert into models (id, name, maker_id) values (356, 'C - Zero', 21);
insert into models (id, name, maker_id) values (357, 'C-Crosser', 21);
insert into models (id, name, maker_id) values (358, 'C-Elysee', 21);
insert into models (id, name, maker_id) values (359, 'C1', 21);
insert into models (id, name, maker_id) values (360, 'C15', 21);
insert into models (id, name, maker_id) values (361, 'C2', 21);
insert into models (id, name, maker_id) values (362, 'C3', 21);
insert into models (id, name, maker_id) values (363, 'C3 Aircross', 21);
insert into models (id, name, maker_id) values (364, 'C3 Picasso', 21);
insert into models (id, name, maker_id) values (365, 'C3 pluriel', 21);
insert into models (id, name, maker_id) values (366, 'C4', 21);
insert into models (id, name, maker_id) values (367, 'C4 AIRCROSS', 21);
insert into models (id, name, maker_id) values (368, 'C4 Cactus', 21);
insert into models (id, name, maker_id) values (369, 'C4 Picasso', 21);
insert into models (id, name, maker_id) values (370, 'C5', 21);
insert into models (id, name, maker_id) values (371, 'C5 Aircross', 21);
insert into models (id, name, maker_id) values (372, 'C6', 21);
insert into models (id, name, maker_id) values (373, 'C8', 21);
insert into models (id, name, maker_id) values (374, 'Cx', 21);
insert into models (id, name, maker_id) values (375, 'DS 3 Crossback', 21);
insert into models (id, name, maker_id) values (376, 'DS 4 Crossback', 21);
insert into models (id, name, maker_id) values (377, 'DS 7 Crossback', 21);
insert into models (id, name, maker_id) values (378, 'DS3', 21);
insert into models (id, name, maker_id) values (379, 'DS4', 21);
insert into models (id, name, maker_id) values (380, 'DS5', 21);
insert into models (id, name, maker_id) values (381, 'DS7', 21);
insert into models (id, name, maker_id) values (382, 'Ds', 21);
insert into models (id, name, maker_id) values (383, 'Evasion', 21);
insert into models (id, name, maker_id) values (384, 'Grand C4 Picasso', 21);
insert into models (id, name, maker_id) values (385, 'Gsa', 21);
insert into models (id, name, maker_id) values (386, 'Gx', 21);
insert into models (id, name, maker_id) values (387, 'Ln', 21);
insert into models (id, name, maker_id) values (388, 'Nemo', 21);
insert into models (id, name, maker_id) values (389, 'Oltcit', 21);
insert into models (id, name, maker_id) values (390, 'Saxo', 21);
insert into models (id, name, maker_id) values (391, 'Visa', 21);
insert into models (id, name, maker_id) values (392, 'Xantia', 21);
insert into models (id, name, maker_id) values (393, 'Xm', 21);
insert into models (id, name, maker_id) values (394, 'Xsara', 21);
insert into models (id, name, maker_id) values (395, 'Xsara picasso', 21);
insert into models (id, name, maker_id) values (396, 'Zx', 21);
insert into models (id, name, maker_id) values (397, 'C06 Convertible', 22);
insert into models (id, name, maker_id) values (398, 'C06 Coupe', 22);
insert into models (id, name, maker_id) values (399, 'Powa', 22);
insert into models (id, name, maker_id) values (400, 'Z06', 22);
insert into models (id, name, maker_id) values (401, 'Ateca', 23);
insert into models (id, name, maker_id) values (402, 'DS 3', 24);
insert into models (id, name, maker_id) values (403, 'DS 3 Crossback', 24);
insert into models (id, name, maker_id) values (404, 'DS 4', 24);
insert into models (id, name, maker_id) values (405, 'DS 4 Crossback', 24);
insert into models (id, name, maker_id) values (406, 'DS 5', 24);
insert into models (id, name, maker_id) values (407, 'DS 7', 24);
insert into models (id, name, maker_id) values (408, 'DS 7 Crossback', 24);
insert into models (id, name, maker_id) values (409, '1100', 25);
insert into models (id, name, maker_id) values (410, '1300', 25);
insert into models (id, name, maker_id) values (411, '1304', 25);
insert into models (id, name, maker_id) values (412, '1307', 25);
insert into models (id, name, maker_id) values (413, '1310', 25);
insert into models (id, name, maker_id) values (414, '1350', 25);
insert into models (id, name, maker_id) values (415, 'Dokker', 25);
insert into models (id, name, maker_id) values (416, 'Duster', 25);
insert into models (id, name, maker_id) values (417, 'Liberta', 25);
insert into models (id, name, maker_id) values (418, 'Lodgy', 25);
insert into models (id, name, maker_id) values (419, 'Logan', 25);
insert into models (id, name, maker_id) values (420, 'Nova', 25);
insert into models (id, name, maker_id) values (421, 'Pickup', 25);
insert into models (id, name, maker_id) values (422, 'Sandero', 25);
insert into models (id, name, maker_id) values (423, 'Solenza', 25);
insert into models (id, name, maker_id) values (424, 'Ace', 26);
insert into models (id, name, maker_id) values (425, 'Chairman', 26);
insert into models (id, name, maker_id) values (426, 'Cielo', 26);
insert into models (id, name, maker_id) values (427, 'Espero', 26);
insert into models (id, name, maker_id) values (428, 'Evanda', 26);
insert into models (id, name, maker_id) values (429, 'Fso', 26);
insert into models (id, name, maker_id) values (430, 'Kalos', 26);
insert into models (id, name, maker_id) values (431, 'Korando', 26);
insert into models (id, name, maker_id) values (432, 'Lacetti', 26);
insert into models (id, name, maker_id) values (433, 'Lanos', 26);
insert into models (id, name, maker_id) values (434, 'Leganza', 26);
insert into models (id, name, maker_id) values (435, 'Magnus', 26);
insert into models (id, name, maker_id) values (436, 'Matiz', 26);
insert into models (id, name, maker_id) values (437, 'Musso', 26);
insert into models (id, name, maker_id) values (438, 'Nexia', 26);
insert into models (id, name, maker_id) values (439, 'Nubira', 26);
insert into models (id, name, maker_id) values (440, 'Prince', 26);
insert into models (id, name, maker_id) values (441, 'Racer', 26);
insert into models (id, name, maker_id) values (442, 'Rezzo', 26);
insert into models (id, name, maker_id) values (443, 'Super', 26);
insert into models (id, name, maker_id) values (444, 'Tacuma', 26);
insert into models (id, name, maker_id) values (445, 'Tico', 26);
insert into models (id, name, maker_id) values (446, 'Applause', 27);
insert into models (id, name, maker_id) values (447, 'Charade', 27);
insert into models (id, name, maker_id) values (448, 'Charmant', 27);
insert into models (id, name, maker_id) values (449, 'Copen', 27);
insert into models (id, name, maker_id) values (450, 'Cuore', 27);
insert into models (id, name, maker_id) values (451, 'Feroza', 27);
insert into models (id, name, maker_id) values (452, 'Gran move', 27);
insert into models (id, name, maker_id) values (453, 'Hijet', 27);
insert into models (id, name, maker_id) values (454, 'Materia', 27);
insert into models (id, name, maker_id) values (455, 'Move', 27);
insert into models (id, name, maker_id) values (456, 'Rocky', 27);
insert into models (id, name, maker_id) values (457, 'Sharade', 27);
insert into models (id, name, maker_id) values (458, 'Sirion', 27);
insert into models (id, name, maker_id) values (459, 'Taft', 27);
insert into models (id, name, maker_id) values (460, 'Terios', 27);
insert into models (id, name, maker_id) values (461, 'Trevis', 27);
insert into models (id, name, maker_id) values (462, 'Wildcat', 27);
insert into models (id, name, maker_id) values (463, 'Yrv', 27);
insert into models (id, name, maker_id) values (464, 'Double six', 28);
insert into models (id, name, maker_id) values (465, 'Six', 28);
insert into models (id, name, maker_id) values (466, 'Sovereign', 28);
insert into models (id, name, maker_id) values (467, 'Bluebird', 29);
insert into models (id, name, maker_id) values (468, 'Cherry', 29);
insert into models (id, name, maker_id) values (469, 'Stanza', 29);
insert into models (id, name, maker_id) values (470, 'F102', 30);
insert into models (id, name, maker_id) values (471, 'Avenger', 31);
insert into models (id, name, maker_id) values (472, 'Caliber', 31);
insert into models (id, name, maker_id) values (473, 'Caravan', 31);
insert into models (id, name, maker_id) values (474, 'Challenger', 31);
insert into models (id, name, maker_id) values (475, 'Charger', 31);
insert into models (id, name, maker_id) values (476, 'Coronet', 31);
insert into models (id, name, maker_id) values (477, 'Dakota', 31);
insert into models (id, name, maker_id) values (478, 'Daytona', 31);
insert into models (id, name, maker_id) values (479, 'Durango', 31);
insert into models (id, name, maker_id) values (480, 'Interpid', 31);
insert into models (id, name, maker_id) values (481, 'Journey', 31);
insert into models (id, name, maker_id) values (482, 'Magnum', 31);
insert into models (id, name, maker_id) values (483, 'Neon', 31);
insert into models (id, name, maker_id) values (484, 'Nitro', 31);
insert into models (id, name, maker_id) values (485, 'Ram', 31);
insert into models (id, name, maker_id) values (486, 'Shadow', 31);
insert into models (id, name, maker_id) values (487, 'Stealth', 31);
insert into models (id, name, maker_id) values (488, 'Stratus', 31);
insert into models (id, name, maker_id) values (489, 'Viper', 31);
insert into models (id, name, maker_id) values (490, '1', 32);
insert into models (id, name, maker_id) values (491, '2', 32);
insert into models (id, name, maker_id) values (492, '3', 32);
insert into models (id, name, maker_id) values (493, '5', 32);
insert into models (id, name, maker_id) values (494, 'Premire', 33);
insert into models (id, name, maker_id) values (495, 'Talon', 33);
insert into models (id, name, maker_id) values (496, 'Vision', 33);
insert into models (id, name, maker_id) values (497, 'Polonez', 34);
insert into models (id, name, maker_id) values (498, '308', 35);
insert into models (id, name, maker_id) values (499, '348', 35);
insert into models (id, name, maker_id) values (500, '360 modena', 35);
insert into models (id, name, maker_id) values (501, '360 spider', 35);
insert into models (id, name, maker_id) values (502, '458 Italia', 35);
insert into models (id, name, maker_id) values (503, '488', 35);
insert into models (id, name, maker_id) values (504, '599', 35);
insert into models (id, name, maker_id) values (505, '812 Superfast', 35);
insert into models (id, name, maker_id) values (506, 'California', 35);
insert into models (id, name, maker_id) values (507, 'Enzo', 35);
insert into models (id, name, maker_id) values (508, 'F12berlinetta', 35);
insert into models (id, name, maker_id) values (509, 'F430', 35);
insert into models (id, name, maker_id) values (510, 'F456m', 35);
insert into models (id, name, maker_id) values (511, 'F575m maranello', 35);
insert into models (id, name, maker_id) values (512, 'F612 scaglietti', 35);
insert into models (id, name, maker_id) values (513, 'FF', 35);
insert into models (id, name, maker_id) values (514, 'GTC4Lusso', 35);
insert into models (id, name, maker_id) values (515, 'LaFerrari', 35);
insert into models (id, name, maker_id) values (516, 'Mondial 8', 35);
insert into models (id, name, maker_id) values (517, 'Testarossa', 35);
insert into models (id, name, maker_id) values (518, '1100', 36);
insert into models (id, name, maker_id) values (519, '124', 36);
insert into models (id, name, maker_id) values (520, '125', 36);
insert into models (id, name, maker_id) values (521, '126', 36);
insert into models (id, name, maker_id) values (522, '127', 36);
insert into models (id, name, maker_id) values (523, '128', 36);
insert into models (id, name, maker_id) values (524, '131', 36);
insert into models (id, name, maker_id) values (525, '132', 36);
insert into models (id, name, maker_id) values (526, '1400', 36);
insert into models (id, name, maker_id) values (527, '1500', 36);
insert into models (id, name, maker_id) values (528, '1800', 36);
insert into models (id, name, maker_id) values (529, '500', 36);
insert into models (id, name, maker_id) values (530, '500L', 36);
insert into models (id, name, maker_id) values (531, '500X', 36);
insert into models (id, name, maker_id) values (532, '600', 36);
insert into models (id, name, maker_id) values (533, '650', 36);
insert into models (id, name, maker_id) values (534, '750', 36);
insert into models (id, name, maker_id) values (535, 'Albea', 36);
insert into models (id, name, maker_id) values (536, 'Argenta', 36);
insert into models (id, name, maker_id) values (537, 'Barchetta', 36);
insert into models (id, name, maker_id) values (538, 'Bertone', 36);
insert into models (id, name, maker_id) values (539, 'Brava', 36);
insert into models (id, name, maker_id) values (540, 'Bravo', 36);
insert into models (id, name, maker_id) values (541, 'Campagnola', 36);
insert into models (id, name, maker_id) values (542, 'Cinquecento', 36);
insert into models (id, name, maker_id) values (543, 'Coupe', 36);
insert into models (id, name, maker_id) values (544, 'Croma', 36);
insert into models (id, name, maker_id) values (545, 'Doblo', 36);
insert into models (id, name, maker_id) values (546, 'Duna', 36);
insert into models (id, name, maker_id) values (547, 'Fiorino', 36);
insert into models (id, name, maker_id) values (548, 'Freemont', 36);
insert into models (id, name, maker_id) values (549, 'Fullback', 36);
insert into models (id, name, maker_id) values (550, 'Idea', 36);
insert into models (id, name, maker_id) values (551, 'Linea', 36);
insert into models (id, name, maker_id) values (552, 'Marea', 36);
insert into models (id, name, maker_id) values (553, 'Multipla', 36);
insert into models (id, name, maker_id) values (554, 'Palio', 36);
insert into models (id, name, maker_id) values (555, 'Panda', 36);
insert into models (id, name, maker_id) values (556, 'Punto', 36);
insert into models (id, name, maker_id) values (557, 'Qubo', 36);
insert into models (id, name, maker_id) values (558, 'Regata', 36);
insert into models (id, name, maker_id) values (559, 'Ritmo', 36);
insert into models (id, name, maker_id) values (560, 'Scudo', 36);
insert into models (id, name, maker_id) values (561, 'Sedici', 36);
insert into models (id, name, maker_id) values (562, 'Seicento', 36);
insert into models (id, name, maker_id) values (563, 'Siena', 36);
insert into models (id, name, maker_id) values (564, 'Stilo', 36);
insert into models (id, name, maker_id) values (565, 'Strada', 36);
insert into models (id, name, maker_id) values (566, 'Tempra', 36);
insert into models (id, name, maker_id) values (567, 'Tipo', 36);
insert into models (id, name, maker_id) values (568, 'Topolino', 36);
insert into models (id, name, maker_id) values (569, 'Ulysse', 36);
insert into models (id, name, maker_id) values (570, 'Uno', 36);
insert into models (id, name, maker_id) values (571, '12m', 37);
insert into models (id, name, maker_id) values (572, '15m', 37);
insert into models (id, name, maker_id) values (573, '17m', 37);
insert into models (id, name, maker_id) values (574, '20m', 37);
insert into models (id, name, maker_id) values (575, 'Aerostar', 37);
insert into models (id, name, maker_id) values (576, 'B-Max', 37);
insert into models (id, name, maker_id) values (577, 'Bronco', 37);
insert into models (id, name, maker_id) values (578, 'C-max', 37);
insert into models (id, name, maker_id) values (579, 'Capri', 37);
insert into models (id, name, maker_id) values (580, 'Connect', 37);
insert into models (id, name, maker_id) values (581, 'Consul', 37);
insert into models (id, name, maker_id) values (582, 'Cortina', 37);
insert into models (id, name, maker_id) values (583, 'Cosworth', 37);
insert into models (id, name, maker_id) values (584, 'Cougar', 37);
insert into models (id, name, maker_id) values (585, 'Countur', 37);
insert into models (id, name, maker_id) values (586, 'Courier', 37);
insert into models (id, name, maker_id) values (587, 'Crown victoria', 37);
insert into models (id, name, maker_id) values (588, 'EcoSport', 37);
insert into models (id, name, maker_id) values (589, 'Ecoline', 37);
insert into models (id, name, maker_id) values (590, 'Edge', 37);
insert into models (id, name, maker_id) values (591, 'Escape', 37);
insert into models (id, name, maker_id) values (592, 'Escort', 37);
insert into models (id, name, maker_id) values (593, 'Everest', 37);
insert into models (id, name, maker_id) values (594, 'Excursion', 37);
insert into models (id, name, maker_id) values (595, 'Expedition', 37);
insert into models (id, name, maker_id) values (596, 'Explorer', 37);
insert into models (id, name, maker_id) values (597, 'F150', 37);
insert into models (id, name, maker_id) values (598, 'F250', 37);
insert into models (id, name, maker_id) values (599, 'F350', 37);
insert into models (id, name, maker_id) values (600, 'F450', 37);
insert into models (id, name, maker_id) values (601, 'F550', 37);
insert into models (id, name, maker_id) values (602, 'F650', 37);
insert into models (id, name, maker_id) values (603, 'F750', 37);
insert into models (id, name, maker_id) values (604, 'Fiesta', 37);
insert into models (id, name, maker_id) values (605, 'Flex', 37);
insert into models (id, name, maker_id) values (606, 'Focus', 37);
insert into models (id, name, maker_id) values (607, 'Fusion', 37);
insert into models (id, name, maker_id) values (608, 'Galaxy', 37);
insert into models (id, name, maker_id) values (609, 'Granada', 37);
insert into models (id, name, maker_id) values (610, 'Ka', 37);
insert into models (id, name, maker_id) values (611, 'Kuga', 37);
insert into models (id, name, maker_id) values (612, 'Maverick', 37);
insert into models (id, name, maker_id) values (613, 'Mercury', 37);
insert into models (id, name, maker_id) values (614, 'Mondeo', 37);
insert into models (id, name, maker_id) values (615, 'Mustang', 37);
insert into models (id, name, maker_id) values (616, 'Orion', 37);
insert into models (id, name, maker_id) values (617, 'Probe', 37);
insert into models (id, name, maker_id) values (618, 'Puma', 37);
insert into models (id, name, maker_id) values (619, 'Ranger', 37);
insert into models (id, name, maker_id) values (620, 'Rs', 37);
insert into models (id, name, maker_id) values (621, 'S-Max', 37);
insert into models (id, name, maker_id) values (622, 'Scorpio', 37);
insert into models (id, name, maker_id) values (623, 'Sierra', 37);
insert into models (id, name, maker_id) values (624, 'Sportka', 37);
insert into models (id, name, maker_id) values (625, 'Streetka', 37);
insert into models (id, name, maker_id) values (626, 'Taunus', 37);
insert into models (id, name, maker_id) values (627, 'Taurus', 37);
insert into models (id, name, maker_id) values (628, 'Thunderbird', 37);
insert into models (id, name, maker_id) values (629, 'Windstar', 37);
insert into models (id, name, maker_id) values (630, 'Zephyr', 37);
insert into models (id, name, maker_id) values (631, 'GEM E2', 38);
insert into models (id, name, maker_id) values (632, 'GEM E4', 38);
insert into models (id, name, maker_id) values (633, 'GEM E6', 38);
insert into models (id, name, maker_id) values (634, '469', 39);
insert into models (id, name, maker_id) values (635, '69', 39);
insert into models (id, name, maker_id) values (636, 'Metro', 40);
insert into models (id, name, maker_id) values (637, 'Prizm', 40);
insert into models (id, name, maker_id) values (638, 'Storm', 40);
insert into models (id, name, maker_id) values (639, 'Tracker', 40);
insert into models (id, name, maker_id) values (640, 'Acadia', 41);
insert into models (id, name, maker_id) values (641, 'Canyon', 41);
insert into models (id, name, maker_id) values (642, 'Envoy', 41);
insert into models (id, name, maker_id) values (643, 'Jimmy', 41);
insert into models (id, name, maker_id) values (644, 'Saturn', 41);
insert into models (id, name, maker_id) values (645, 'Savana', 41);
insert into models (id, name, maker_id) values (646, 'Sierra', 41);
insert into models (id, name, maker_id) values (647, 'Sonoma', 41);
insert into models (id, name, maker_id) values (648, 'Terrain', 41);
insert into models (id, name, maker_id) values (649, 'Tracker', 41);
insert into models (id, name, maker_id) values (650, 'Typhoon', 41);
insert into models (id, name, maker_id) values (651, 'Yukon', 41);
insert into models (id, name, maker_id) values (652, 'Haval H2', 42);
insert into models (id, name, maker_id) values (653, 'Haval H6', 42);
insert into models (id, name, maker_id) values (654, 'Hover Cuv', 42);
insert into models (id, name, maker_id) values (655, 'Hover H5', 42);
insert into models (id, name, maker_id) values (656, 'Hover H6', 42);
insert into models (id, name, maker_id) values (657, 'Safe', 42);
insert into models (id, name, maker_id) values (658, 'Steed 3', 42);
insert into models (id, name, maker_id) values (659, 'Steed 5', 42);
insert into models (id, name, maker_id) values (660, 'Steed 6', 42);
insert into models (id, name, maker_id) values (661, 'Voleex C10', 42);
insert into models (id, name, maker_id) values (662, 'Voleex C20', 42);
insert into models (id, name, maker_id) values (663, 'Voleex C30', 42);
insert into models (id, name, maker_id) values (664, 'H2', 43);
insert into models (id, name, maker_id) values (665, 'H6', 43);
insert into models (id, name, maker_id) values (666, 'Тrojan', 44);
insert into models (id, name, maker_id) values (667, 'Avenger', 45);
insert into models (id, name, maker_id) values (668, 'Forteen', 45);
insert into models (id, name, maker_id) values (669, 'Hawk', 45);
insert into models (id, name, maker_id) values (670, 'Hunter', 45);
insert into models (id, name, maker_id) values (671, 'Husky', 45);
insert into models (id, name, maker_id) values (672, 'Imp', 45);
insert into models (id, name, maker_id) values (673, 'Minx', 45);
insert into models (id, name, maker_id) values (674, 'Wizard', 45);
insert into models (id, name, maker_id) values (675, 'Accord', 46);
insert into models (id, name, maker_id) values (676, 'Cbr', 46);
insert into models (id, name, maker_id) values (677, 'Cbx', 46);
insert into models (id, name, maker_id) values (678, 'City', 46);
insert into models (id, name, maker_id) values (679, 'Civic', 46);
insert into models (id, name, maker_id) values (680, 'Civic ballade', 46);
insert into models (id, name, maker_id) values (681, 'Concerto', 46);
insert into models (id, name, maker_id) values (682, 'Cr-v', 46);
insert into models (id, name, maker_id) values (683, 'Crosstour', 46);
insert into models (id, name, maker_id) values (684, 'Crx', 46);
insert into models (id, name, maker_id) values (685, 'Crz', 46);
insert into models (id, name, maker_id) values (686, 'Element', 46);
insert into models (id, name, maker_id) values (687, 'Elysion', 46);
insert into models (id, name, maker_id) values (688, 'Fit', 46);
insert into models (id, name, maker_id) values (689, 'Fr-v', 46);
insert into models (id, name, maker_id) values (690, 'Hr-v', 46);
insert into models (id, name, maker_id) values (691, 'Insight', 46);
insert into models (id, name, maker_id) values (692, 'Integra', 46);
insert into models (id, name, maker_id) values (693, 'Jazz', 46);
insert into models (id, name, maker_id) values (694, 'Legend', 46);
insert into models (id, name, maker_id) values (695, 'Logo', 46);
insert into models (id, name, maker_id) values (696, 'Nsx', 46);
insert into models (id, name, maker_id) values (697, 'Odyssey', 46);
insert into models (id, name, maker_id) values (698, 'Passport', 46);
insert into models (id, name, maker_id) values (699, 'Pilot', 46);
insert into models (id, name, maker_id) values (700, 'Prelude', 46);
insert into models (id, name, maker_id) values (701, 'Quintet', 46);
insert into models (id, name, maker_id) values (702, 'Ridgeline', 46);
insert into models (id, name, maker_id) values (703, 'S2000', 46);
insert into models (id, name, maker_id) values (704, 'Shuttle', 46);
insert into models (id, name, maker_id) values (705, 'Stream', 46);
insert into models (id, name, maker_id) values (706, 'H1', 47);
insert into models (id, name, maker_id) values (707, 'H2', 47);
insert into models (id, name, maker_id) values (708, 'H3', 47);
insert into models (id, name, maker_id) values (709, 'Accent', 48);
insert into models (id, name, maker_id) values (710, 'Atos', 48);
insert into models (id, name, maker_id) values (711, 'Coupe', 48);
insert into models (id, name, maker_id) values (712, 'Elantra', 48);
insert into models (id, name, maker_id) values (713, 'Equus', 48);
insert into models (id, name, maker_id) values (714, 'Excel', 48);
insert into models (id, name, maker_id) values (715, 'Galloper', 48);
insert into models (id, name, maker_id) values (716, 'Genesis', 48);
insert into models (id, name, maker_id) values (717, 'Getz', 48);
insert into models (id, name, maker_id) values (718, 'Grace', 48);
insert into models (id, name, maker_id) values (719, 'Grandeur', 48);
insert into models (id, name, maker_id) values (720, 'I10', 48);
insert into models (id, name, maker_id) values (721, 'I20', 48);
insert into models (id, name, maker_id) values (722, 'I30', 48);
insert into models (id, name, maker_id) values (723, 'I40', 48);
insert into models (id, name, maker_id) values (724, 'IX35', 48);
insert into models (id, name, maker_id) values (725, 'IX55', 48);
insert into models (id, name, maker_id) values (726, 'Ioniq', 48);
insert into models (id, name, maker_id) values (727, 'Ix20', 48);
insert into models (id, name, maker_id) values (728, 'Kona', 48);
insert into models (id, name, maker_id) values (729, 'Landskape', 48);
insert into models (id, name, maker_id) values (730, 'Lantra', 48);
insert into models (id, name, maker_id) values (731, 'Matrix', 48);
insert into models (id, name, maker_id) values (732, 'Pony', 48);
insert into models (id, name, maker_id) values (733, 'Porter', 48);
insert into models (id, name, maker_id) values (734, 'S', 48);
insert into models (id, name, maker_id) values (735, 'Santa fe', 48);
insert into models (id, name, maker_id) values (736, 'Santamo', 48);
insert into models (id, name, maker_id) values (737, 'Sonata', 48);
insert into models (id, name, maker_id) values (738, 'Sonica', 48);
insert into models (id, name, maker_id) values (739, 'Stelar', 48);
insert into models (id, name, maker_id) values (740, 'Tb', 48);
insert into models (id, name, maker_id) values (741, 'Terracan', 48);
insert into models (id, name, maker_id) values (742, 'Trajet', 48);
insert into models (id, name, maker_id) values (743, 'Tucson', 48);
insert into models (id, name, maker_id) values (744, 'Veloster ', 48);
insert into models (id, name, maker_id) values (745, 'Veracruz', 48);
insert into models (id, name, maker_id) values (746, 'Xg', 48);
insert into models (id, name, maker_id) values (747, 'F9', 49);
insert into models (id, name, maker_id) values (748, 'Ex30', 50);
insert into models (id, name, maker_id) values (749, 'Ex35', 50);
insert into models (id, name, maker_id) values (750, 'Ex37', 50);
insert into models (id, name, maker_id) values (751, 'Fx 30', 50);
insert into models (id, name, maker_id) values (752, 'Fx 35', 50);
insert into models (id, name, maker_id) values (753, 'Fx 37', 50);
insert into models (id, name, maker_id) values (754, 'Fx 45', 50);
insert into models (id, name, maker_id) values (755, 'Fx 50', 50);
insert into models (id, name, maker_id) values (756, 'Fx45', 50);
insert into models (id, name, maker_id) values (757, 'G', 50);
insert into models (id, name, maker_id) values (758, 'G coupe', 50);
insert into models (id, name, maker_id) values (759, 'G sedan', 50);
insert into models (id, name, maker_id) values (760, 'I', 50);
insert into models (id, name, maker_id) values (761, 'J', 50);
insert into models (id, name, maker_id) values (762, 'M', 50);
insert into models (id, name, maker_id) values (763, 'Q', 50);
insert into models (id, name, maker_id) values (764, 'Q30', 50);
insert into models (id, name, maker_id) values (765, 'Q45', 50);
insert into models (id, name, maker_id) values (766, 'QX30', 50);
insert into models (id, name, maker_id) values (767, 'QX50', 50);
insert into models (id, name, maker_id) values (768, 'QX56', 50);
insert into models (id, name, maker_id) values (769, 'QX60', 50);
insert into models (id, name, maker_id) values (770, 'QX70', 50);
insert into models (id, name, maker_id) values (771, 'QX80', 50);
insert into models (id, name, maker_id) values (772, 'Qx', 50);
insert into models (id, name, maker_id) values (773, 'Qx4', 50);
insert into models (id, name, maker_id) values (774, 'Mini', 51);
insert into models (id, name, maker_id) values (775, 'Amigo', 52);
insert into models (id, name, maker_id) values (776, 'D-max', 52);
insert into models (id, name, maker_id) values (777, 'Gemini', 52);
insert into models (id, name, maker_id) values (778, 'Piazza', 52);
insert into models (id, name, maker_id) values (779, 'Pickup', 52);
insert into models (id, name, maker_id) values (780, 'Rodeo', 52);
insert into models (id, name, maker_id) values (781, 'Tfs', 52);
insert into models (id, name, maker_id) values (782, 'Trooper', 52);
insert into models (id, name, maker_id) values (783, 'Vehi cross', 52);
insert into models (id, name, maker_id) values (784, 'Massive', 53);
insert into models (id, name, maker_id) values (785, 'Daimler', 54);
insert into models (id, name, maker_id) values (786, 'Daimler double six', 54);
insert into models (id, name, maker_id) values (787, 'Daimler six', 54);
insert into models (id, name, maker_id) values (788, 'E-pace', 54);
insert into models (id, name, maker_id) values (789, 'F-PACE', 54);
insert into models (id, name, maker_id) values (790, 'F-Type', 54);
insert into models (id, name, maker_id) values (791, 'I-Pace', 54);
insert into models (id, name, maker_id) values (792, 'S-type', 54);
insert into models (id, name, maker_id) values (793, 'Sovereign', 54);
insert into models (id, name, maker_id) values (794, 'Super v8', 54);
insert into models (id, name, maker_id) values (795, 'X-type', 54);
insert into models (id, name, maker_id) values (796, 'XE', 54);
insert into models (id, name, maker_id) values (797, 'Xf', 54);
insert into models (id, name, maker_id) values (798, 'Xj', 54);
insert into models (id, name, maker_id) values (799, 'Xjr', 54);
insert into models (id, name, maker_id) values (800, 'Xjs', 54);
insert into models (id, name, maker_id) values (801, 'Xjsc', 54);
insert into models (id, name, maker_id) values (802, 'Xk8', 54);
insert into models (id, name, maker_id) values (803, 'Xkr', 54);
insert into models (id, name, maker_id) values (804, 'Cherokee', 55);
insert into models (id, name, maker_id) values (805, 'Commander', 55);
insert into models (id, name, maker_id) values (806, 'Compass', 55);
insert into models (id, name, maker_id) values (807, 'Grand cherokee', 55);
insert into models (id, name, maker_id) values (808, 'Patriot', 55);
insert into models (id, name, maker_id) values (809, 'Renegade', 55);
insert into models (id, name, maker_id) values (810, 'Wrangler', 55);
insert into models (id, name, maker_id) values (811, 'Montez', 56);
insert into models (id, name, maker_id) values (812, 'Avella delta', 57);
insert into models (id, name, maker_id) values (813, 'Cadenza', 57);
insert into models (id, name, maker_id) values (814, 'Carens', 57);
insert into models (id, name, maker_id) values (815, 'Carnival', 57);
insert into models (id, name, maker_id) values (816, 'Ceed', 57);
insert into models (id, name, maker_id) values (817, 'Cerato', 57);
insert into models (id, name, maker_id) values (818, 'Clarus', 57);
insert into models (id, name, maker_id) values (819, 'Forte', 57);
insert into models (id, name, maker_id) values (820, 'Joecs', 57);
insert into models (id, name, maker_id) values (821, 'Joyce', 57);
insert into models (id, name, maker_id) values (822, 'Magentis', 57);
insert into models (id, name, maker_id) values (823, 'Mohave', 57);
insert into models (id, name, maker_id) values (824, 'Morning', 57);
insert into models (id, name, maker_id) values (825, 'Niro', 57);
insert into models (id, name, maker_id) values (826, 'Opirus', 57);
insert into models (id, name, maker_id) values (827, 'Optima', 57);
insert into models (id, name, maker_id) values (828, 'Picanto', 57);
insert into models (id, name, maker_id) values (829, 'Pride', 57);
insert into models (id, name, maker_id) values (830, 'Pro ceed', 57);
insert into models (id, name, maker_id) values (831, 'Quoris', 57);
insert into models (id, name, maker_id) values (832, 'Ray', 57);
insert into models (id, name, maker_id) values (833, 'Retona', 57);
insert into models (id, name, maker_id) values (834, 'Rio', 57);
insert into models (id, name, maker_id) values (835, 'Sedona', 57);
insert into models (id, name, maker_id) values (836, 'Sephia', 57);
insert into models (id, name, maker_id) values (837, 'Shuma', 57);
insert into models (id, name, maker_id) values (838, 'Sorento', 57);
insert into models (id, name, maker_id) values (839, 'Soul', 57);
insert into models (id, name, maker_id) values (840, 'Spectra', 57);
insert into models (id, name, maker_id) values (841, 'Sportage', 57);
insert into models (id, name, maker_id) values (842, 'Stinger', 57);
insert into models (id, name, maker_id) values (843, 'Stonic', 57);
insert into models (id, name, maker_id) values (844, 'Venga', 57);
insert into models (id, name, maker_id) values (845, 'Visto', 57);
insert into models (id, name, maker_id) values (846, 'X-Trek', 57);
insert into models (id, name, maker_id) values (847, '1200', 58);
insert into models (id, name, maker_id) values (848, '1300', 58);
insert into models (id, name, maker_id) values (849, '1500', 58);
insert into models (id, name, maker_id) values (850, '1600', 58);
insert into models (id, name, maker_id) values (851, '2101', 58);
insert into models (id, name, maker_id) values (852, '21011', 58);
insert into models (id, name, maker_id) values (853, '21012', 58);
insert into models (id, name, maker_id) values (854, '21013', 58);
insert into models (id, name, maker_id) values (855, '21015', 58);
insert into models (id, name, maker_id) values (856, '2102', 58);
insert into models (id, name, maker_id) values (857, '2103', 58);
insert into models (id, name, maker_id) values (858, '2104', 58);
insert into models (id, name, maker_id) values (859, '21043', 58);
insert into models (id, name, maker_id) values (860, '2105', 58);
insert into models (id, name, maker_id) values (861, '21051', 58);
insert into models (id, name, maker_id) values (862, '21053', 58);
insert into models (id, name, maker_id) values (863, '2106', 58);
insert into models (id, name, maker_id) values (864, '21061', 58);
insert into models (id, name, maker_id) values (865, '21063', 58);
insert into models (id, name, maker_id) values (866, '2107', 58);
insert into models (id, name, maker_id) values (867, '21074', 58);
insert into models (id, name, maker_id) values (868, '2108', 58);
insert into models (id, name, maker_id) values (869, '21083', 58);
insert into models (id, name, maker_id) values (870, '2109', 58);
insert into models (id, name, maker_id) values (871, '21093', 58);
insert into models (id, name, maker_id) values (872, '21099', 58);
insert into models (id, name, maker_id) values (873, '2110', 58);
insert into models (id, name, maker_id) values (874, '21213', 58);
insert into models (id, name, maker_id) values (875, 'Granta', 58);
insert into models (id, name, maker_id) values (876, 'Kalina', 58);
insert into models (id, name, maker_id) values (877, 'Niva', 58);
insert into models (id, name, maker_id) values (878, 'Nova', 58);
insert into models (id, name, maker_id) values (879, 'Oka', 58);
insert into models (id, name, maker_id) values (880, 'Priora', 58);
insert into models (id, name, maker_id) values (881, 'Samara', 58);
insert into models (id, name, maker_id) values (882, 'Urban', 58);
insert into models (id, name, maker_id) values (883, 'Vesta', 58);
insert into models (id, name, maker_id) values (884, 'Magnum', 59);
insert into models (id, name, maker_id) values (885, 'Aventador', 60);
insert into models (id, name, maker_id) values (886, 'Countach', 60);
insert into models (id, name, maker_id) values (887, 'Diablo', 60);
insert into models (id, name, maker_id) values (888, 'Gallardo', 60);
insert into models (id, name, maker_id) values (889, 'Huracan', 60);
insert into models (id, name, maker_id) values (890, 'Murcielago', 60);
insert into models (id, name, maker_id) values (891, 'Reventon', 60);
insert into models (id, name, maker_id) values (892, 'Urus', 60);
insert into models (id, name, maker_id) values (893, 'Veneno', 60);
insert into models (id, name, maker_id) values (894, 'A112', 61);
insert into models (id, name, maker_id) values (895, 'Ardea', 61);
insert into models (id, name, maker_id) values (896, 'Aurelia', 61);
insert into models (id, name, maker_id) values (897, 'Beta', 61);
insert into models (id, name, maker_id) values (898, 'Dedra', 61);
insert into models (id, name, maker_id) values (899, 'Delta', 61);
insert into models (id, name, maker_id) values (900, 'Flaminia', 61);
insert into models (id, name, maker_id) values (901, 'Flavia', 61);
insert into models (id, name, maker_id) values (902, 'Fulvia', 61);
insert into models (id, name, maker_id) values (903, 'Kappa', 61);
insert into models (id, name, maker_id) values (904, 'Lybra', 61);
insert into models (id, name, maker_id) values (905, 'Musa', 61);
insert into models (id, name, maker_id) values (906, 'Phedra', 61);
insert into models (id, name, maker_id) values (907, 'Prisma', 61);
insert into models (id, name, maker_id) values (908, 'Thema', 61);
insert into models (id, name, maker_id) values (909, 'Thesis', 61);
insert into models (id, name, maker_id) values (910, 'Unior', 61);
insert into models (id, name, maker_id) values (911, 'Y', 61);
insert into models (id, name, maker_id) values (912, 'Y10', 61);
insert into models (id, name, maker_id) values (913, 'Ypsilon', 61);
insert into models (id, name, maker_id) values (914, 'Zeta', 61);
insert into models (id, name, maker_id) values (915, 'Defender', 62);
insert into models (id, name, maker_id) values (916, 'Discovery', 62);
insert into models (id, name, maker_id) values (917, 'Freelander', 62);
insert into models (id, name, maker_id) values (918, 'Range Rover Evoque', 62);
insert into models (id, name, maker_id) values (919, 'Range Rover Sport', 62);
insert into models (id, name, maker_id) values (920, 'Range Rover Velar', 62);
insert into models (id, name, maker_id) values (921, 'Range rover', 62);
insert into models (id, name, maker_id) values (922, 'Jx6476da', 63);
insert into models (id, name, maker_id) values (923, 'CT200h', 64);
insert into models (id, name, maker_id) values (924, 'Es', 64);
insert into models (id, name, maker_id) values (925, 'Gs', 64);
insert into models (id, name, maker_id) values (926, 'Gx470', 64);
insert into models (id, name, maker_id) values (927, 'Is', 64);
insert into models (id, name, maker_id) values (928, 'LC', 64);
insert into models (id, name, maker_id) values (929, 'LFA', 64);
insert into models (id, name, maker_id) values (930, 'LS', 64);
insert into models (id, name, maker_id) values (931, 'Lx', 64);
insert into models (id, name, maker_id) values (932, 'NX', 64);
insert into models (id, name, maker_id) values (933, 'RC', 64);
insert into models (id, name, maker_id) values (934, 'RX330', 64);
insert into models (id, name, maker_id) values (935, 'Rx', 64);
insert into models (id, name, maker_id) values (936, 'Rx300', 64);
insert into models (id, name, maker_id) values (937, 'Rx350', 64);
insert into models (id, name, maker_id) values (938, 'Rx400h', 64);
insert into models (id, name, maker_id) values (939, 'Rx450', 64);
insert into models (id, name, maker_id) values (940, 'Sc', 64);
insert into models (id, name, maker_id) values (941, 'UX', 64);
insert into models (id, name, maker_id) values (942, 'LF1010', 65);
insert into models (id, name, maker_id) values (943, 'LF320', 65);
insert into models (id, name, maker_id) values (944, 'LF520', 65);
insert into models (id, name, maker_id) values (945, 'LF620', 65);
insert into models (id, name, maker_id) values (946, 'LF6361', 65);
insert into models (id, name, maker_id) values (947, 'LF7130', 65);
insert into models (id, name, maker_id) values (948, 'LF7160', 65);
insert into models (id, name, maker_id) values (949, 'X60', 65);
insert into models (id, name, maker_id) values (950, 'Continental', 66);
insert into models (id, name, maker_id) values (951, 'Ls', 66);
insert into models (id, name, maker_id) values (952, 'MKC', 66);
insert into models (id, name, maker_id) values (953, 'MKS', 66);
insert into models (id, name, maker_id) values (954, 'Mark', 66);
insert into models (id, name, maker_id) values (955, 'Mark Lt', 66);
insert into models (id, name, maker_id) values (956, 'Mark lt', 66);
insert into models (id, name, maker_id) values (957, 'Mkx', 66);
insert into models (id, name, maker_id) values (958, 'Mkz', 66);
insert into models (id, name, maker_id) values (959, 'Navigator', 66);
insert into models (id, name, maker_id) values (960, 'Town car', 66);
insert into models (id, name, maker_id) values (961, 'Zephyr', 66);
insert into models (id, name, maker_id) values (962, 'Elise', 67);
insert into models (id, name, maker_id) values (963, 'Europe', 67);
insert into models (id, name, maker_id) values (964, 'Evora', 67);
insert into models (id, name, maker_id) values (965, 'Exige', 67);
insert into models (id, name, maker_id) values (966, 'Armada', 68);
insert into models (id, name, maker_id) values (967, 'Bolero', 68);
insert into models (id, name, maker_id) values (968, 'Cl', 68);
insert into models (id, name, maker_id) values (969, 'Commander', 68);
insert into models (id, name, maker_id) values (970, 'Goa', 68);
insert into models (id, name, maker_id) values (971, 'KUV 100', 68);
insert into models (id, name, maker_id) values (972, 'Marshall', 68);
insert into models (id, name, maker_id) values (973, 'Quanto', 68);
insert into models (id, name, maker_id) values (974, 'Scorpio', 68);
insert into models (id, name, maker_id) values (975, 'XUV 500', 68);
insert into models (id, name, maker_id) values (976, '3200 gt', 69);
insert into models (id, name, maker_id) values (977, 'Biturbo', 69);
insert into models (id, name, maker_id) values (978, 'Coupe gt', 69);
insert into models (id, name, maker_id) values (979, 'Ghibli', 69);
insert into models (id, name, maker_id) values (980, 'GranCabrio', 69);
insert into models (id, name, maker_id) values (981, 'GranTurismo', 69);
insert into models (id, name, maker_id) values (982, 'Gransport', 69);
insert into models (id, name, maker_id) values (983, 'Levante', 69);
insert into models (id, name, maker_id) values (984, 'Quattroporte', 69);
insert into models (id, name, maker_id) values (985, 'Spyder', 69);
insert into models (id, name, maker_id) values (986, 'Zagato', 69);
insert into models (id, name, maker_id) values (987, 'Murena', 70);
insert into models (id, name, maker_id) values (988, 'Rancho', 70);
insert into models (id, name, maker_id) values (989, '57', 71);
insert into models (id, name, maker_id) values (990, '62', 71);
insert into models (id, name, maker_id) values (991, '650', 71);
insert into models (id, name, maker_id) values (992, 'S 560', 71);
insert into models (id, name, maker_id) values (993, '121', 72);
insert into models (id, name, maker_id) values (994, '2', 72);
insert into models (id, name, maker_id) values (995, '3', 72);
insert into models (id, name, maker_id) values (996, '323', 72);
insert into models (id, name, maker_id) values (997, '5', 72);
insert into models (id, name, maker_id) values (998, '6', 72);
insert into models (id, name, maker_id) values (999, '626', 72);
insert into models (id, name, maker_id) values (1000, '929', 72);
insert into models (id, name, maker_id) values (1001, 'B2200', 72);
insert into models (id, name, maker_id) values (1002, 'B2500', 72);
insert into models (id, name, maker_id) values (1003, 'B2600', 72);
insert into models (id, name, maker_id) values (1004, 'BT-50', 72);
insert into models (id, name, maker_id) values (1005, 'CX-5', 72);
insert into models (id, name, maker_id) values (1006, 'CX-7', 72);
insert into models (id, name, maker_id) values (1007, 'CX-9', 72);
insert into models (id, name, maker_id) values (1008, 'Demio', 72);
insert into models (id, name, maker_id) values (1009, 'Mpv', 72);
insert into models (id, name, maker_id) values (1010, 'Mx-3', 72);
insert into models (id, name, maker_id) values (1011, 'Mx-5', 72);
insert into models (id, name, maker_id) values (1012, 'Mx-6', 72);
insert into models (id, name, maker_id) values (1013, 'Premacy', 72);
insert into models (id, name, maker_id) values (1014, 'Rx-7', 72);
insert into models (id, name, maker_id) values (1015, 'Rx-8', 72);
insert into models (id, name, maker_id) values (1016, 'Tribute', 72);
insert into models (id, name, maker_id) values (1017, 'Xedos', 72);
insert into models (id, name, maker_id) values (1018, 'СХ-3', 72);
insert into models (id, name, maker_id) values (1019, '540C Coupe', 73);
insert into models (id, name, maker_id) values (1020, '570S Coupe', 73);
insert into models (id, name, maker_id) values (1021, '650S', 73);
insert into models (id, name, maker_id) values (1022, '675LT', 73);
insert into models (id, name, maker_id) values (1023, 'F1', 73);
insert into models (id, name, maker_id) values (1024, 'MP4-12C', 73);
insert into models (id, name, maker_id) values (1025, 'P1', 73);
insert into models (id, name, maker_id) values (1026, '110', 74);
insert into models (id, name, maker_id) values (1027, '111', 74);
insert into models (id, name, maker_id) values (1028, '113', 74);
insert into models (id, name, maker_id) values (1029, '114', 74);
insert into models (id, name, maker_id) values (1030, '115', 74);
insert into models (id, name, maker_id) values (1031, '116', 74);
insert into models (id, name, maker_id) values (1032, '123', 74);
insert into models (id, name, maker_id) values (1033, '124', 74);
insert into models (id, name, maker_id) values (1034, '126', 74);
insert into models (id, name, maker_id) values (1035, '126-260', 74);
insert into models (id, name, maker_id) values (1036, '150', 74);
insert into models (id, name, maker_id) values (1037, '170', 74);
insert into models (id, name, maker_id) values (1038, '180', 74);
insert into models (id, name, maker_id) values (1039, '190', 74);
insert into models (id, name, maker_id) values (1040, '200', 74);
insert into models (id, name, maker_id) values (1041, '220', 74);
insert into models (id, name, maker_id) values (1042, '230', 74);
insert into models (id, name, maker_id) values (1043, '240', 74);
insert into models (id, name, maker_id) values (1044, '250', 74);
insert into models (id, name, maker_id) values (1045, '260', 74);
insert into models (id, name, maker_id) values (1046, '280', 74);
insert into models (id, name, maker_id) values (1047, '290', 74);
insert into models (id, name, maker_id) values (1048, '300', 74);
insert into models (id, name, maker_id) values (1049, '320', 74);
insert into models (id, name, maker_id) values (1050, '350', 74);
insert into models (id, name, maker_id) values (1051, '380', 74);
insert into models (id, name, maker_id) values (1052, '420', 74);
insert into models (id, name, maker_id) values (1053, '450', 74);
insert into models (id, name, maker_id) values (1054, '500', 74);
insert into models (id, name, maker_id) values (1055, '560', 74);
insert into models (id, name, maker_id) values (1056, '600', 74);
insert into models (id, name, maker_id) values (1057, 'A', 74);
insert into models (id, name, maker_id) values (1058, 'A 140', 74);
insert into models (id, name, maker_id) values (1059, 'A 150', 74);
insert into models (id, name, maker_id) values (1060, 'A 160', 74);
insert into models (id, name, maker_id) values (1061, 'A 170', 74);
insert into models (id, name, maker_id) values (1062, 'A 180', 74);
insert into models (id, name, maker_id) values (1063, 'A 190', 74);
insert into models (id, name, maker_id) values (1064, 'A 200', 74);
insert into models (id, name, maker_id) values (1065, 'A 210', 74);
insert into models (id, name, maker_id) values (1066, 'A 220', 74);
insert into models (id, name, maker_id) values (1067, 'A 250', 74);
insert into models (id, name, maker_id) values (1068, 'A45 AMG', 74);
insert into models (id, name, maker_id) values (1069, 'AMG GT', 74);
insert into models (id, name, maker_id) values (1070, 'AMG GT C', 74);
insert into models (id, name, maker_id) values (1071, 'AMG GT R', 74);
insert into models (id, name, maker_id) values (1072, 'AMG GT S', 74);
insert into models (id, name, maker_id) values (1073, 'Adenauer', 74);
insert into models (id, name, maker_id) values (1074, 'B', 74);
insert into models (id, name, maker_id) values (1075, 'B 150', 74);
insert into models (id, name, maker_id) values (1076, 'B 160', 74);
insert into models (id, name, maker_id) values (1077, 'B 170', 74);
insert into models (id, name, maker_id) values (1078, 'B 180', 74);
insert into models (id, name, maker_id) values (1079, 'B 200', 74);
insert into models (id, name, maker_id) values (1080, 'B 220', 74);
insert into models (id, name, maker_id) values (1081, 'B 250', 74);
insert into models (id, name, maker_id) values (1082, 'C', 74);
insert into models (id, name, maker_id) values (1083, 'C 160', 74);
insert into models (id, name, maker_id) values (1084, 'C 180', 74);
insert into models (id, name, maker_id) values (1085, 'C 200', 74);
insert into models (id, name, maker_id) values (1086, 'C 220', 74);
insert into models (id, name, maker_id) values (1087, 'C 230', 74);
insert into models (id, name, maker_id) values (1088, 'C 240', 74);
insert into models (id, name, maker_id) values (1089, 'C 250', 74);
insert into models (id, name, maker_id) values (1090, 'C 270', 74);
insert into models (id, name, maker_id) values (1091, 'C 280', 74);
insert into models (id, name, maker_id) values (1092, 'C 30 AMG', 74);
insert into models (id, name, maker_id) values (1093, 'C 300', 74);
insert into models (id, name, maker_id) values (1094, 'C 32 AMG', 74);
insert into models (id, name, maker_id) values (1095, 'C 320', 74);
insert into models (id, name, maker_id) values (1096, 'C 350', 74);
insert into models (id, name, maker_id) values (1097, 'C 36 AMG', 74);
insert into models (id, name, maker_id) values (1098, 'C 400', 74);
insert into models (id, name, maker_id) values (1099, 'C 43 AMG', 74);
insert into models (id, name, maker_id) values (1100, 'C 450 AMG', 74);
insert into models (id, name, maker_id) values (1101, 'C 55 AMG', 74);
insert into models (id, name, maker_id) values (1102, 'C 63 AMG', 74);
insert into models (id, name, maker_id) values (1103, 'CL', 74);
insert into models (id, name, maker_id) values (1104, 'CL 230', 74);
insert into models (id, name, maker_id) values (1105, 'CL 320', 74);
insert into models (id, name, maker_id) values (1106, 'CL 420', 74);
insert into models (id, name, maker_id) values (1107, 'CL 500', 74);
insert into models (id, name, maker_id) values (1108, 'CL 55 AMG', 74);
insert into models (id, name, maker_id) values (1109, 'CL 600', 74);
insert into models (id, name, maker_id) values (1110, 'CL 63 AMG', 74);
insert into models (id, name, maker_id) values (1111, 'CL 65 AMG', 74);
insert into models (id, name, maker_id) values (1112, 'CLA', 74);
insert into models (id, name, maker_id) values (1113, 'CLA 180', 74);
insert into models (id, name, maker_id) values (1114, 'CLA 200', 74);
insert into models (id, name, maker_id) values (1115, 'CLA 220', 74);
insert into models (id, name, maker_id) values (1116, 'CLA 250', 74);
insert into models (id, name, maker_id) values (1117, 'CLA 45 AMG', 74);
insert into models (id, name, maker_id) values (1118, 'CLC', 74);
insert into models (id, name, maker_id) values (1119, 'CLC 160', 74);
insert into models (id, name, maker_id) values (1120, 'CLC 180', 74);
insert into models (id, name, maker_id) values (1121, 'CLC 200', 74);
insert into models (id, name, maker_id) values (1122, 'CLC 220', 74);
insert into models (id, name, maker_id) values (1123, 'CLC 230', 74);
insert into models (id, name, maker_id) values (1124, 'CLC 250', 74);
insert into models (id, name, maker_id) values (1125, 'CLC 350', 74);
insert into models (id, name, maker_id) values (1126, 'CLK', 74);
insert into models (id, name, maker_id) values (1127, 'CLK 55 AMG', 74);
insert into models (id, name, maker_id) values (1128, 'CLK 63 AMG', 74);
insert into models (id, name, maker_id) values (1129, 'CLS', 74);
insert into models (id, name, maker_id) values (1130, 'CLS 250', 74);
insert into models (id, name, maker_id) values (1131, 'CLS 300', 74);
insert into models (id, name, maker_id) values (1132, 'CLS 320', 74);
insert into models (id, name, maker_id) values (1133, 'CLS 350', 74);
insert into models (id, name, maker_id) values (1134, 'CLS 400', 74);
insert into models (id, name, maker_id) values (1135, 'CLS 450', 74);
insert into models (id, name, maker_id) values (1136, 'CLS 500', 74);
insert into models (id, name, maker_id) values (1137, 'CLS 53 AMG', 74);
insert into models (id, name, maker_id) values (1138, 'CLS 55', 74);
insert into models (id, name, maker_id) values (1139, 'CLS 55 AMG', 74);
insert into models (id, name, maker_id) values (1140, 'CLS 63', 74);
insert into models (id, name, maker_id) values (1141, 'CLS 63 AMG', 74);
insert into models (id, name, maker_id) values (1142, 'Citan', 74);
insert into models (id, name, maker_id) values (1143, 'E', 74);
insert into models (id, name, maker_id) values (1144, 'E 200', 74);
insert into models (id, name, maker_id) values (1145, 'E 220', 74);
insert into models (id, name, maker_id) values (1146, 'E 230', 74);
insert into models (id, name, maker_id) values (1147, 'E 240', 74);
insert into models (id, name, maker_id) values (1148, 'E 250', 74);
insert into models (id, name, maker_id) values (1149, 'E 260', 74);
insert into models (id, name, maker_id) values (1150, 'E 270', 74);
insert into models (id, name, maker_id) values (1151, 'E 280', 74);
insert into models (id, name, maker_id) values (1152, 'E 290', 74);
insert into models (id, name, maker_id) values (1153, 'E 300', 74);
insert into models (id, name, maker_id) values (1154, 'E 320', 74);
insert into models (id, name, maker_id) values (1155, 'E 350', 74);
insert into models (id, name, maker_id) values (1156, 'E 36 AMG', 74);
insert into models (id, name, maker_id) values (1157, 'E 400', 74);
insert into models (id, name, maker_id) values (1158, 'E 420', 74);
insert into models (id, name, maker_id) values (1159, 'E 43 AMG', 74);
insert into models (id, name, maker_id) values (1160, 'E 430', 74);
insert into models (id, name, maker_id) values (1161, 'E 450', 74);
insert into models (id, name, maker_id) values (1162, 'E 50 AMG', 74);
insert into models (id, name, maker_id) values (1163, 'E 500', 74);
insert into models (id, name, maker_id) values (1164, 'E 53 AMG', 74);
insert into models (id, name, maker_id) values (1165, 'E 55', 74);
insert into models (id, name, maker_id) values (1166, 'E 55 AMG', 74);
insert into models (id, name, maker_id) values (1167, 'E 60', 74);
insert into models (id, name, maker_id) values (1168, 'E 60 AMG', 74);
insert into models (id, name, maker_id) values (1169, 'E 63 AMG', 74);
insert into models (id, name, maker_id) values (1170, 'EQC', 74);
insert into models (id, name, maker_id) values (1171, 'G', 74);
insert into models (id, name, maker_id) values (1172, 'G 230', 74);
insert into models (id, name, maker_id) values (1173, 'G 240', 74);
insert into models (id, name, maker_id) values (1174, 'G 250', 74);
insert into models (id, name, maker_id) values (1175, 'G 270', 74);
insert into models (id, name, maker_id) values (1176, 'G 280', 74);
insert into models (id, name, maker_id) values (1177, 'G 290', 74);
insert into models (id, name, maker_id) values (1178, 'G 300', 74);
insert into models (id, name, maker_id) values (1179, 'G 320', 74);
insert into models (id, name, maker_id) values (1180, 'G 350', 74);
insert into models (id, name, maker_id) values (1181, 'G 36 AMG', 74);
insert into models (id, name, maker_id) values (1182, 'G 400', 74);
insert into models (id, name, maker_id) values (1183, 'G 500', 74);
insert into models (id, name, maker_id) values (1184, 'G 55 AMG', 74);
insert into models (id, name, maker_id) values (1185, 'G 63 AMG', 74);
insert into models (id, name, maker_id) values (1186, 'G 65 AMG', 74);
insert into models (id, name, maker_id) values (1187, 'GL', 74);
insert into models (id, name, maker_id) values (1188, 'GL 320', 74);
insert into models (id, name, maker_id) values (1189, 'GL 350', 74);
insert into models (id, name, maker_id) values (1190, 'GL 420', 74);
insert into models (id, name, maker_id) values (1191, 'GL 450', 74);
insert into models (id, name, maker_id) values (1192, 'GL 500', 74);
insert into models (id, name, maker_id) values (1193, 'GL 55 AMG', 74);
insert into models (id, name, maker_id) values (1194, 'GL 63 AMG', 74);
insert into models (id, name, maker_id) values (1195, 'GLA', 74);
insert into models (id, name, maker_id) values (1196, 'GLA 180', 74);
insert into models (id, name, maker_id) values (1197, 'GLA 200', 74);
insert into models (id, name, maker_id) values (1198, 'GLA 220', 74);
insert into models (id, name, maker_id) values (1199, 'GLA 250', 74);
insert into models (id, name, maker_id) values (1200, 'GLA 45 AMG', 74);
insert into models (id, name, maker_id) values (1201, 'GLC', 74);
insert into models (id, name, maker_id) values (1202, 'GLC 220', 74);
insert into models (id, name, maker_id) values (1203, 'GLC 250', 74);
insert into models (id, name, maker_id) values (1204, 'GLC 300', 74);
insert into models (id, name, maker_id) values (1205, 'GLC 350', 74);
insert into models (id, name, maker_id) values (1206, 'GLC 43 AMG', 74);
insert into models (id, name, maker_id) values (1207, 'GLC 63 AMG', 74);
insert into models (id, name, maker_id) values (1208, 'GLE', 74);
insert into models (id, name, maker_id) values (1209, 'GLE 250', 74);
insert into models (id, name, maker_id) values (1210, 'GLE 350', 74);
insert into models (id, name, maker_id) values (1211, 'GLE 400', 74);
insert into models (id, name, maker_id) values (1212, 'GLE 43 AMG', 74);
insert into models (id, name, maker_id) values (1213, 'GLE 450 AMG', 74);
insert into models (id, name, maker_id) values (1214, 'GLE 63 AMG', 74);
insert into models (id, name, maker_id) values (1215, 'GLE 63 S AMG', 74);
insert into models (id, name, maker_id) values (1216, 'GLE Coupe', 74);
insert into models (id, name, maker_id) values (1217, 'GLK', 74);
insert into models (id, name, maker_id) values (1218, 'GLS', 74);
insert into models (id, name, maker_id) values (1219, 'GLS 350', 74);
insert into models (id, name, maker_id) values (1220, 'GLS 400', 74);
insert into models (id, name, maker_id) values (1221, 'GLS 500', 74);
insert into models (id, name, maker_id) values (1222, 'GLS 63 AMG', 74);
insert into models (id, name, maker_id) values (1223, 'ML', 74);
insert into models (id, name, maker_id) values (1224, 'ML 230', 74);
insert into models (id, name, maker_id) values (1225, 'ML 250', 74);
insert into models (id, name, maker_id) values (1226, 'ML 270', 74);
insert into models (id, name, maker_id) values (1227, 'ML 280', 74);
insert into models (id, name, maker_id) values (1228, 'ML 300', 74);
insert into models (id, name, maker_id) values (1229, 'ML 320', 74);
insert into models (id, name, maker_id) values (1230, 'ML 350', 74);
insert into models (id, name, maker_id) values (1231, 'ML 400', 74);
insert into models (id, name, maker_id) values (1232, 'ML 420', 74);
insert into models (id, name, maker_id) values (1233, 'ML 430', 74);
insert into models (id, name, maker_id) values (1234, 'ML 450', 74);
insert into models (id, name, maker_id) values (1235, 'ML 500', 74);
insert into models (id, name, maker_id) values (1236, 'ML 55 AMG', 74);
insert into models (id, name, maker_id) values (1237, 'ML 63 AMG', 74);
insert into models (id, name, maker_id) values (1238, 'R', 74);
insert into models (id, name, maker_id) values (1239, 'R 280', 74);
insert into models (id, name, maker_id) values (1240, 'R 300', 74);
insert into models (id, name, maker_id) values (1241, 'R 320', 74);
insert into models (id, name, maker_id) values (1242, 'R 350', 74);
insert into models (id, name, maker_id) values (1243, 'R 500', 74);
insert into models (id, name, maker_id) values (1244, 'R 63 AMG', 74);
insert into models (id, name, maker_id) values (1245, 'S', 74);
insert into models (id, name, maker_id) values (1246, 'S 250', 74);
insert into models (id, name, maker_id) values (1247, 'S 280', 74);
insert into models (id, name, maker_id) values (1248, 'S 300', 74);
insert into models (id, name, maker_id) values (1249, 'S 320', 74);
insert into models (id, name, maker_id) values (1250, 'S 350', 74);
insert into models (id, name, maker_id) values (1251, 'S 400', 74);
insert into models (id, name, maker_id) values (1252, 'S 420', 74);
insert into models (id, name, maker_id) values (1253, 'S 430', 74);
insert into models (id, name, maker_id) values (1254, 'S 450', 74);
insert into models (id, name, maker_id) values (1255, 'S 500', 74);
insert into models (id, name, maker_id) values (1256, 'S 55 AMG', 74);
insert into models (id, name, maker_id) values (1257, 'S 550', 74);
insert into models (id, name, maker_id) values (1258, 'S 560', 74);
insert into models (id, name, maker_id) values (1259, 'S 600', 74);
insert into models (id, name, maker_id) values (1260, 'S 63', 74);
insert into models (id, name, maker_id) values (1261, 'S 63 AMG', 74);
insert into models (id, name, maker_id) values (1262, 'S 65', 74);
insert into models (id, name, maker_id) values (1263, 'S 65 AMG', 74);
insert into models (id, name, maker_id) values (1264, 'SL', 74);
insert into models (id, name, maker_id) values (1265, 'SL 400', 74);
insert into models (id, name, maker_id) values (1266, 'SL 500', 74);
insert into models (id, name, maker_id) values (1267, 'SL 55 AMG', 74);
insert into models (id, name, maker_id) values (1268, 'SL 60 AMG', 74);
insert into models (id, name, maker_id) values (1269, 'SL 63 AMG', 74);
insert into models (id, name, maker_id) values (1270, 'SL 65 AMG', 74);
insert into models (id, name, maker_id) values (1271, 'SLC', 74);
insert into models (id, name, maker_id) values (1272, 'SLK', 74);
insert into models (id, name, maker_id) values (1273, 'SLK 32 AMG', 74);
insert into models (id, name, maker_id) values (1274, 'SLK 55 AMG', 74);
insert into models (id, name, maker_id) values (1275, 'SLR', 74);
insert into models (id, name, maker_id) values (1276, 'SLS', 74);
insert into models (id, name, maker_id) values (1277, 'SLS AMG', 74);
insert into models (id, name, maker_id) values (1278, 'Unimog', 74);
insert into models (id, name, maker_id) values (1279, 'Vaneo', 74);
insert into models (id, name, maker_id) values (1280, 'X-Klasse', 74);
insert into models (id, name, maker_id) values (1281, 'Marauder', 75);
insert into models (id, name, maker_id) values (1282, 'Milan', 75);
insert into models (id, name, maker_id) values (1283, 'Monarch', 75);
insert into models (id, name, maker_id) values (1284, 'Mountaineer', 75);
insert into models (id, name, maker_id) values (1285, 'Villager', 75);
insert into models (id, name, maker_id) values (1286, 'Mga', 76);
insert into models (id, name, maker_id) values (1287, 'Mgb', 76);
insert into models (id, name, maker_id) values (1288, 'Mgf', 76);
insert into models (id, name, maker_id) values (1289, 'Tf', 76);
insert into models (id, name, maker_id) values (1290, 'Zr', 76);
insert into models (id, name, maker_id) values (1291, 'Zs', 76);
insert into models (id, name, maker_id) values (1292, 'Zt', 76);
insert into models (id, name, maker_id) values (1293, 'Zt-t', 76);
insert into models (id, name, maker_id) values (1294, 'GS Exclusive', 76);
insert into models (id, name, maker_id) values (1295, 'MC1', 77);
insert into models (id, name, maker_id) values (1296, 'MC2', 77);
insert into models (id, name, maker_id) values (1297, 'MGO', 77);
insert into models (id, name, maker_id) values (1298, 'Clubman', 78);
insert into models (id, name, maker_id) values (1299, 'Cooper', 78);
insert into models (id, name, maker_id) values (1300, 'Cooper cabrio', 78);
insert into models (id, name, maker_id) values (1301, 'Cooper s', 78);
insert into models (id, name, maker_id) values (1302, 'Cooper s cabrio', 78);
insert into models (id, name, maker_id) values (1303, 'Countryman', 78);
insert into models (id, name, maker_id) values (1304, 'Coupe', 78);
insert into models (id, name, maker_id) values (1305, 'D one', 78);
insert into models (id, name, maker_id) values (1306, 'One', 78);
insert into models (id, name, maker_id) values (1307, 'One cabrio', 78);
insert into models (id, name, maker_id) values (1308, 'Paceman', 78);
insert into models (id, name, maker_id) values (1309, '3000 gt', 79);
insert into models (id, name, maker_id) values (1310, 'ASX', 79);
insert into models (id, name, maker_id) values (1311, 'Carisma', 79);
insert into models (id, name, maker_id) values (1312, 'Colt', 79);
insert into models (id, name, maker_id) values (1313, 'Cordia', 79);
insert into models (id, name, maker_id) values (1314, 'Eclipse', 79);
insert into models (id, name, maker_id) values (1315, 'Eclipse Cross', 79);
insert into models (id, name, maker_id) values (1316, 'Galant', 79);
insert into models (id, name, maker_id) values (1317, 'Grandis', 79);
insert into models (id, name, maker_id) values (1318, 'I-MiEV', 79);
insert into models (id, name, maker_id) values (1319, 'L200', 79);
insert into models (id, name, maker_id) values (1320, 'Lancer', 79);
insert into models (id, name, maker_id) values (1321, 'Montero', 79);
insert into models (id, name, maker_id) values (1322, 'Outlander', 79);
insert into models (id, name, maker_id) values (1323, 'Pajero', 79);
insert into models (id, name, maker_id) values (1324, 'Pajero pinin', 79);
insert into models (id, name, maker_id) values (1325, 'Pajero sport', 79);
insert into models (id, name, maker_id) values (1326, 'Sapporo', 79);
insert into models (id, name, maker_id) values (1327, 'Sigma', 79);
insert into models (id, name, maker_id) values (1328, 'Space gear', 79);
insert into models (id, name, maker_id) values (1329, 'Space runner', 79);
insert into models (id, name, maker_id) values (1330, 'Space star', 79);
insert into models (id, name, maker_id) values (1331, 'Space wagon', 79);
insert into models (id, name, maker_id) values (1332, 'Starion', 79);
insert into models (id, name, maker_id) values (1333, 'Tredia', 79);
insert into models (id, name, maker_id) values (1334, 'Aero8', 80);
insert into models (id, name, maker_id) values (1335, '1360', 81);
insert into models (id, name, maker_id) values (1336, '1361', 81);
insert into models (id, name, maker_id) values (1337, '1500', 81);
insert into models (id, name, maker_id) values (1338, '2136', 81);
insert into models (id, name, maker_id) values (1339, '2138', 81);
insert into models (id, name, maker_id) values (1340, '2140', 81);
insert into models (id, name, maker_id) values (1341, '2141', 81);
insert into models (id, name, maker_id) values (1342, '21412', 81);
insert into models (id, name, maker_id) values (1343, '21417', 81);
insert into models (id, name, maker_id) values (1344, '2142', 81);
insert into models (id, name, maker_id) values (1345, '2715', 81);
insert into models (id, name, maker_id) values (1346, '401', 81);
insert into models (id, name, maker_id) values (1347, '403', 81);
insert into models (id, name, maker_id) values (1348, '407', 81);
insert into models (id, name, maker_id) values (1349, '408', 81);
insert into models (id, name, maker_id) values (1350, '412', 81);
insert into models (id, name, maker_id) values (1351, '426', 81);
insert into models (id, name, maker_id) values (1352, '427', 81);
insert into models (id, name, maker_id) values (1353, '503', 81);
insert into models (id, name, maker_id) values (1354, 'Aleko', 81);
insert into models (id, name, maker_id) values (1355, 'Иж', 81);
insert into models (id, name, maker_id) values (1356, '100 nx', 82);
insert into models (id, name, maker_id) values (1357, '200 sx', 82);
insert into models (id, name, maker_id) values (1358, '240 z', 82);
insert into models (id, name, maker_id) values (1359, '280 z', 82);
insert into models (id, name, maker_id) values (1360, '300 zx', 82);
insert into models (id, name, maker_id) values (1361, '350z', 82);
insert into models (id, name, maker_id) values (1362, '370Z', 82);
insert into models (id, name, maker_id) values (1363, 'Almera', 82);
insert into models (id, name, maker_id) values (1364, 'Almera tino', 82);
insert into models (id, name, maker_id) values (1365, 'Altima', 82);
insert into models (id, name, maker_id) values (1366, 'Armada', 82);
insert into models (id, name, maker_id) values (1367, 'Bluebird', 82);
insert into models (id, name, maker_id) values (1368, 'Cedric', 82);
insert into models (id, name, maker_id) values (1369, 'Cherry', 82);
insert into models (id, name, maker_id) values (1370, 'Cube', 82);
insert into models (id, name, maker_id) values (1371, 'Figaro', 82);
insert into models (id, name, maker_id) values (1372, 'Frontier', 82);
insert into models (id, name, maker_id) values (1373, 'Gt-r', 82);
insert into models (id, name, maker_id) values (1374, 'Juke', 82);
insert into models (id, name, maker_id) values (1375, 'Kubistar', 82);
insert into models (id, name, maker_id) values (1376, 'Laurel', 82);
insert into models (id, name, maker_id) values (1377, 'Leaf ', 82);
insert into models (id, name, maker_id) values (1378, 'Maxima', 82);
insert into models (id, name, maker_id) values (1379, 'Micra', 82);
insert into models (id, name, maker_id) values (1380, 'Murano', 82);
insert into models (id, name, maker_id) values (1381, 'NP300', 82);
insert into models (id, name, maker_id) values (1382, 'Navara', 82);
insert into models (id, name, maker_id) values (1383, 'Note', 82);
insert into models (id, name, maker_id) values (1384, 'Pathfinder', 82);
insert into models (id, name, maker_id) values (1385, 'Patrol', 82);
insert into models (id, name, maker_id) values (1386, 'Pickup', 82);
insert into models (id, name, maker_id) values (1387, 'Pixo', 82);
insert into models (id, name, maker_id) values (1388, 'Prairie', 82);
insert into models (id, name, maker_id) values (1389, 'Primera', 82);
insert into models (id, name, maker_id) values (1390, 'Pulsar', 82);
insert into models (id, name, maker_id) values (1391, 'Qashqai', 82);
insert into models (id, name, maker_id) values (1392, 'Rogue', 82);
insert into models (id, name, maker_id) values (1393, 'Sentra', 82);
insert into models (id, name, maker_id) values (1394, 'Serena', 82);
insert into models (id, name, maker_id) values (1395, 'Silvia', 82);
insert into models (id, name, maker_id) values (1396, 'Skyline', 82);
insert into models (id, name, maker_id) values (1397, 'Stantza', 82);
insert into models (id, name, maker_id) values (1398, 'Sunny', 82);
insert into models (id, name, maker_id) values (1399, 'Teana', 82);
insert into models (id, name, maker_id) values (1400, 'Terrano', 82);
insert into models (id, name, maker_id) values (1401, 'Tiida', 82);
insert into models (id, name, maker_id) values (1402, 'Titan crew cab', 82);
insert into models (id, name, maker_id) values (1403, 'Titan king', 82);
insert into models (id, name, maker_id) values (1404, 'Versa', 82);
insert into models (id, name, maker_id) values (1405, 'X-trail', 82);
insert into models (id, name, maker_id) values (1406, 'Xterra', 82);
insert into models (id, name, maker_id) values (1407, 'e-NV200', 82);
insert into models (id, name, maker_id) values (1408, 'Achieva', 83);
insert into models (id, name, maker_id) values (1409, 'Alero', 83);
insert into models (id, name, maker_id) values (1410, 'Aurora', 83);
insert into models (id, name, maker_id) values (1411, 'Bravada', 83);
insert into models (id, name, maker_id) values (1412, 'Cutlass', 83);
insert into models (id, name, maker_id) values (1413, 'Firenza', 83);
insert into models (id, name, maker_id) values (1414, 'Intrigue', 83);
insert into models (id, name, maker_id) values (1415, 'Regency', 83);
insert into models (id, name, maker_id) values (1416, 'Silhouette', 83);
insert into models (id, name, maker_id) values (1417, 'Toronado', 83);
insert into models (id, name, maker_id) values (1418, 'Adam', 84);
insert into models (id, name, maker_id) values (1419, 'Admiral', 84);
insert into models (id, name, maker_id) values (1420, 'Agila', 84);
insert into models (id, name, maker_id) values (1421, 'Ampera', 84);
insert into models (id, name, maker_id) values (1422, 'Antara', 84);
insert into models (id, name, maker_id) values (1423, 'Ascona', 84);
insert into models (id, name, maker_id) values (1424, 'Astra', 84);
insert into models (id, name, maker_id) values (1425, 'Calibra', 84);
insert into models (id, name, maker_id) values (1426, 'Campo', 84);
insert into models (id, name, maker_id) values (1427, 'Cascada', 84);
insert into models (id, name, maker_id) values (1428, 'Combo', 84);
insert into models (id, name, maker_id) values (1429, 'Commodore', 84);
insert into models (id, name, maker_id) values (1430, 'Corsa', 84);
insert into models (id, name, maker_id) values (1431, 'Crossland X', 84);
insert into models (id, name, maker_id) values (1432, 'Diplomat', 84);
insert into models (id, name, maker_id) values (1433, 'Frontera', 84);
insert into models (id, name, maker_id) values (1434, 'Grandland X', 84);
insert into models (id, name, maker_id) values (1435, 'Gt', 84);
insert into models (id, name, maker_id) values (1436, 'Insignia', 84);
insert into models (id, name, maker_id) values (1437, 'Kadett', 84);
insert into models (id, name, maker_id) values (1438, 'Kapitaen', 84);
insert into models (id, name, maker_id) values (1439, 'Karl', 84);
insert into models (id, name, maker_id) values (1440, 'Manta', 84);
insert into models (id, name, maker_id) values (1441, 'Meriva', 84);
insert into models (id, name, maker_id) values (1442, 'Mokka', 84);
insert into models (id, name, maker_id) values (1443, 'Monterey', 84);
insert into models (id, name, maker_id) values (1444, 'Monza', 84);
insert into models (id, name, maker_id) values (1445, 'Omega', 84);
insert into models (id, name, maker_id) values (1446, 'Rekord', 84);
insert into models (id, name, maker_id) values (1447, 'Senator', 84);
insert into models (id, name, maker_id) values (1448, 'Signum', 84);
insert into models (id, name, maker_id) values (1449, 'Sintra', 84);
insert into models (id, name, maker_id) values (1450, 'Speedster', 84);
insert into models (id, name, maker_id) values (1451, 'Tigra', 84);
insert into models (id, name, maker_id) values (1452, 'Vectra', 84);
insert into models (id, name, maker_id) values (1453, 'Zafira', 84);
insert into models (id, name, maker_id) values (1454, 'Kancil', 85);
insert into models (id, name, maker_id) values (1455, 'Kelisa', 85);
insert into models (id, name, maker_id) values (1456, 'Kembara', 85);
insert into models (id, name, maker_id) values (1457, 'Kenari', 85);
insert into models (id, name, maker_id) values (1458, 'Nippa', 85);
insert into models (id, name, maker_id) values (1459, 'Rusa', 85);
insert into models (id, name, maker_id) values (1460, '1007', 86);
insert into models (id, name, maker_id) values (1461, '104', 86);
insert into models (id, name, maker_id) values (1462, '106', 86);
insert into models (id, name, maker_id) values (1463, '107', 86);
insert into models (id, name, maker_id) values (1464, '108', 86);
insert into models (id, name, maker_id) values (1465, '2008', 86);
insert into models (id, name, maker_id) values (1466, '202', 86);
insert into models (id, name, maker_id) values (1467, '204', 86);
insert into models (id, name, maker_id) values (1468, '205', 86);
insert into models (id, name, maker_id) values (1469, '206', 86);
insert into models (id, name, maker_id) values (1470, '207', 86);
insert into models (id, name, maker_id) values (1471, '208', 86);
insert into models (id, name, maker_id) values (1472, '3008', 86);
insert into models (id, name, maker_id) values (1473, '301', 86);
insert into models (id, name, maker_id) values (1474, '304', 86);
insert into models (id, name, maker_id) values (1475, '305', 86);
insert into models (id, name, maker_id) values (1476, '306', 86);
insert into models (id, name, maker_id) values (1477, '307', 86);
insert into models (id, name, maker_id) values (1478, '308', 86);
insert into models (id, name, maker_id) values (1479, '309', 86);
insert into models (id, name, maker_id) values (1480, '4007', 86);
insert into models (id, name, maker_id) values (1481, '4008', 86);
insert into models (id, name, maker_id) values (1482, '402', 86);
insert into models (id, name, maker_id) values (1483, '403', 86);
insert into models (id, name, maker_id) values (1484, '404', 86);
insert into models (id, name, maker_id) values (1485, '405', 86);
insert into models (id, name, maker_id) values (1486, '406', 86);
insert into models (id, name, maker_id) values (1487, '407', 86);
insert into models (id, name, maker_id) values (1488, '5008', 86);
insert into models (id, name, maker_id) values (1489, '504', 86);
insert into models (id, name, maker_id) values (1490, '505', 86);
insert into models (id, name, maker_id) values (1491, '508', 86);
insert into models (id, name, maker_id) values (1492, '604', 86);
insert into models (id, name, maker_id) values (1493, '605', 86);
insert into models (id, name, maker_id) values (1494, '607', 86);
insert into models (id, name, maker_id) values (1495, '806', 86);
insert into models (id, name, maker_id) values (1496, '807', 86);
insert into models (id, name, maker_id) values (1497, 'Bipper', 86);
insert into models (id, name, maker_id) values (1498, 'Expert', 86);
insert into models (id, name, maker_id) values (1499, 'Partner', 86);
insert into models (id, name, maker_id) values (1500, 'RCZ', 86);
insert into models (id, name, maker_id) values (1501, 'Range', 86);
insert into models (id, name, maker_id) values (1502, 'Rifter', 86);
insert into models (id, name, maker_id) values (1503, 'Traveler', 86);
insert into models (id, name, maker_id) values (1504, 'iOn', 86);
insert into models (id, name, maker_id) values (1505, 'Cevennes', 87);
insert into models (id, name, maker_id) values (1506, 'Speedster', 87);
insert into models (id, name, maker_id) values (1507, 'Acclaim', 88);
insert into models (id, name, maker_id) values (1508, 'Barracuda', 88);
insert into models (id, name, maker_id) values (1509, 'Breeze', 88);
insert into models (id, name, maker_id) values (1510, 'Colt', 88);
insert into models (id, name, maker_id) values (1511, 'Grand voyager', 88);
insert into models (id, name, maker_id) values (1512, 'Horizon', 88);
insert into models (id, name, maker_id) values (1513, 'Laser', 88);
insert into models (id, name, maker_id) values (1514, 'Neon', 88);
insert into models (id, name, maker_id) values (1515, 'Prowler', 88);
insert into models (id, name, maker_id) values (1516, 'Reliant', 88);
insert into models (id, name, maker_id) values (1517, 'Road runner', 88);
insert into models (id, name, maker_id) values (1518, 'Sundance', 88);
insert into models (id, name, maker_id) values (1519, 'Volare', 88);
insert into models (id, name, maker_id) values (1520, 'Voyager', 88);
insert into models (id, name, maker_id) values (1521, 'Pickup', 89);
insert into models (id, name, maker_id) values (1522, 'Aztec', 90);
insert into models (id, name, maker_id) values (1523, 'Bonneville', 90);
insert into models (id, name, maker_id) values (1524, 'Fiero', 90);
insert into models (id, name, maker_id) values (1525, 'Firebird', 90);
insert into models (id, name, maker_id) values (1526, 'G6', 90);
insert into models (id, name, maker_id) values (1527, 'Grand am', 90);
insert into models (id, name, maker_id) values (1528, 'Grand prix', 90);
insert into models (id, name, maker_id) values (1529, 'Gto', 90);
insert into models (id, name, maker_id) values (1530, 'Lemans', 90);
insert into models (id, name, maker_id) values (1531, 'Solstice', 90);
insert into models (id, name, maker_id) values (1532, 'Sunbird', 90);
insert into models (id, name, maker_id) values (1533, 'Sunfire', 90);
insert into models (id, name, maker_id) values (1534, 'Tempest', 90);
insert into models (id, name, maker_id) values (1535, 'Torrent', 90);
insert into models (id, name, maker_id) values (1536, 'Trans am', 90);
insert into models (id, name, maker_id) values (1537, 'Trans sport', 90);
insert into models (id, name, maker_id) values (1538, 'Vibe', 90);
insert into models (id, name, maker_id) values (1539, '356 Speedster', 91);
insert into models (id, name, maker_id) values (1540, '911', 91);
insert into models (id, name, maker_id) values (1541, '918 Spyder', 91);
insert into models (id, name, maker_id) values (1542, '924', 91);
insert into models (id, name, maker_id) values (1543, '928', 91);
insert into models (id, name, maker_id) values (1544, '935', 91);
insert into models (id, name, maker_id) values (1545, '944', 91);
insert into models (id, name, maker_id) values (1546, '956', 91);
insert into models (id, name, maker_id) values (1547, '968', 91);
insert into models (id, name, maker_id) values (1548, '991', 91);
insert into models (id, name, maker_id) values (1549, '993', 91);
insert into models (id, name, maker_id) values (1550, '996', 91);
insert into models (id, name, maker_id) values (1551, 'Boxster', 91);
insert into models (id, name, maker_id) values (1552, 'Carrera', 91);
insert into models (id, name, maker_id) values (1553, 'Cayenne', 91);
insert into models (id, name, maker_id) values (1554, 'Cayman', 91);
insert into models (id, name, maker_id) values (1555, 'Macan', 91);
insert into models (id, name, maker_id) values (1556, 'Panamera', 91);
insert into models (id, name, maker_id) values (1557, '400', 92);
insert into models (id, name, maker_id) values (1558, 'Arena', 92);
insert into models (id, name, maker_id) values (1559, 'Persone', 92);
insert into models (id, name, maker_id) values (1560, 'Satria', 92);
insert into models (id, name, maker_id) values (1561, '10', 93);
insert into models (id, name, maker_id) values (1562, '11', 93);
insert into models (id, name, maker_id) values (1563, '12', 93);
insert into models (id, name, maker_id) values (1564, '14', 93);
insert into models (id, name, maker_id) values (1565, '16', 93);
insert into models (id, name, maker_id) values (1566, '18', 93);
insert into models (id, name, maker_id) values (1567, '19', 93);
insert into models (id, name, maker_id) values (1568, '20', 93);
insert into models (id, name, maker_id) values (1569, '21', 93);
insert into models (id, name, maker_id) values (1570, '25', 93);
insert into models (id, name, maker_id) values (1571, '29', 93);
insert into models (id, name, maker_id) values (1572, '30', 93);
insert into models (id, name, maker_id) values (1573, '4', 93);
insert into models (id, name, maker_id) values (1574, '5', 93);
insert into models (id, name, maker_id) values (1575, '8', 93);
insert into models (id, name, maker_id) values (1576, '9', 93);
insert into models (id, name, maker_id) values (1577, 'Alpine', 93);
insert into models (id, name, maker_id) values (1578, 'Avantime', 93);
insert into models (id, name, maker_id) values (1579, 'Bakara', 93);
insert into models (id, name, maker_id) values (1580, 'Bulgar', 93);
insert into models (id, name, maker_id) values (1581, 'Captur', 93);
insert into models (id, name, maker_id) values (1582, 'Caravelle', 93);
insert into models (id, name, maker_id) values (1583, 'Chamade', 93);
insert into models (id, name, maker_id) values (1584, 'Clio', 93);
insert into models (id, name, maker_id) values (1585, 'Espace', 93);
insert into models (id, name, maker_id) values (1586, 'Express', 93);
insert into models (id, name, maker_id) values (1587, 'Floride', 93);
insert into models (id, name, maker_id) values (1588, 'Fluence', 93);
insert into models (id, name, maker_id) values (1589, 'Fuego', 93);
insert into models (id, name, maker_id) values (1590, 'Grand espace', 93);
insert into models (id, name, maker_id) values (1591, 'Grand scenic', 93);
insert into models (id, name, maker_id) values (1592, 'Kadjar', 93);
insert into models (id, name, maker_id) values (1593, 'Kangoo', 93);
insert into models (id, name, maker_id) values (1594, 'Koleos', 93);
insert into models (id, name, maker_id) values (1595, 'Laguna', 93);
insert into models (id, name, maker_id) values (1596, 'Laguna Coupe', 93);
insert into models (id, name, maker_id) values (1597, 'Latitude', 93);
insert into models (id, name, maker_id) values (1598, 'Megane', 93);
insert into models (id, name, maker_id) values (1599, 'Modus', 93);
insert into models (id, name, maker_id) values (1600, 'Nevada', 93);
insert into models (id, name, maker_id) values (1601, 'Rapid', 93);
insert into models (id, name, maker_id) values (1602, 'Safrane', 93);
insert into models (id, name, maker_id) values (1603, 'Scenic', 93);
insert into models (id, name, maker_id) values (1604, 'Scenic rx4', 93);
insert into models (id, name, maker_id) values (1605, 'Symbol', 93);
insert into models (id, name, maker_id) values (1606, 'Talisman', 93);
insert into models (id, name, maker_id) values (1607, 'Twingo', 93);
insert into models (id, name, maker_id) values (1608, 'Twizy', 93);
insert into models (id, name, maker_id) values (1609, 'Vel satis', 93);
insert into models (id, name, maker_id) values (1610, 'Wind', 93);
insert into models (id, name, maker_id) values (1611, 'Zoe', 93);
insert into models (id, name, maker_id) values (1612, 'Cullinan', 94);
insert into models (id, name, maker_id) values (1613, 'Dawn', 94);
insert into models (id, name, maker_id) values (1614, 'Ghost', 94);
insert into models (id, name, maker_id) values (1615, 'Phantom', 94);
insert into models (id, name, maker_id) values (1616, 'Silver Seraph', 94);
insert into models (id, name, maker_id) values (1617, 'Wraith', 94);
insert into models (id, name, maker_id) values (1618, '111', 95);
insert into models (id, name, maker_id) values (1619, '114', 95);
insert into models (id, name, maker_id) values (1620, '200', 95);
insert into models (id, name, maker_id) values (1621, '213', 95);
insert into models (id, name, maker_id) values (1622, '214', 95);
insert into models (id, name, maker_id) values (1623, '216', 95);
insert into models (id, name, maker_id) values (1624, '220', 95);
insert into models (id, name, maker_id) values (1625, '25', 95);
insert into models (id, name, maker_id) values (1626, '400', 95);
insert into models (id, name, maker_id) values (1627, '414', 95);
insert into models (id, name, maker_id) values (1628, '416', 95);
insert into models (id, name, maker_id) values (1629, '418', 95);
insert into models (id, name, maker_id) values (1630, '420', 95);
insert into models (id, name, maker_id) values (1631, '45', 95);
insert into models (id, name, maker_id) values (1632, '600', 95);
insert into models (id, name, maker_id) values (1633, '618', 95);
insert into models (id, name, maker_id) values (1634, '620', 95);
insert into models (id, name, maker_id) values (1635, '623', 95);
insert into models (id, name, maker_id) values (1636, '75', 95);
insert into models (id, name, maker_id) values (1637, '800', 95);
insert into models (id, name, maker_id) values (1638, '820', 95);
insert into models (id, name, maker_id) values (1639, '825', 95);
insert into models (id, name, maker_id) values (1640, '827', 95);
insert into models (id, name, maker_id) values (1641, 'City', 95);
insert into models (id, name, maker_id) values (1642, 'Estate', 95);
insert into models (id, name, maker_id) values (1643, 'Maestro', 95);
insert into models (id, name, maker_id) values (1644, 'Metro', 95);
insert into models (id, name, maker_id) values (1645, 'Mini', 95);
insert into models (id, name, maker_id) values (1646, 'Montego', 95);
insert into models (id, name, maker_id) values (1647, 'Streetwise', 95);
insert into models (id, name, maker_id) values (1648, 'F16', 96);
insert into models (id, name, maker_id) values (1649, 'F440DCI', 96);
insert into models (id, name, maker_id) values (1650, 'Fun Buggy', 96);
insert into models (id, name, maker_id) values (1651, 'Fun Extreem', 96);
insert into models (id, name, maker_id) values (1652, 'Fun Lander', 96);
insert into models (id, name, maker_id) values (1653, 'Fun Quad', 96);
insert into models (id, name, maker_id) values (1654, 'Ceo', 97);
insert into models (id, name, maker_id) values (1655, '9-3', 98);
insert into models (id, name, maker_id) values (1656, '9-4X', 98);
insert into models (id, name, maker_id) values (1657, '9-5', 98);
insert into models (id, name, maker_id) values (1658, '9-7x', 98);
insert into models (id, name, maker_id) values (1659, '900', 98);
insert into models (id, name, maker_id) values (1660, '9000', 98);
insert into models (id, name, maker_id) values (1661, 'LX', 99);
insert into models (id, name, maker_id) values (1662, 'PS10', 100);
insert into models (id, name, maker_id) values (1663, 'Astra', 101);
insert into models (id, name, maker_id) values (1664, 'Aura', 101);
insert into models (id, name, maker_id) values (1665, 'Outlook', 101);
insert into models (id, name, maker_id) values (1666, 'Sky', 101);
insert into models (id, name, maker_id) values (1667, 'Vue', 101);
insert into models (id, name, maker_id) values (1668, 'Tc', 102);
insert into models (id, name, maker_id) values (1669, 'Xa', 102);
insert into models (id, name, maker_id) values (1670, 'Xb', 102);
insert into models (id, name, maker_id) values (1671, 'Alhambra', 103);
insert into models (id, name, maker_id) values (1672, 'Altea', 103);
insert into models (id, name, maker_id) values (1673, 'Arona', 103);
insert into models (id, name, maker_id) values (1674, 'Arosa', 103);
insert into models (id, name, maker_id) values (1675, 'Ateca', 103);
insert into models (id, name, maker_id) values (1676, 'Cordoba', 103);
insert into models (id, name, maker_id) values (1677, 'Cupra', 103);
insert into models (id, name, maker_id) values (1678, 'Exeo', 103);
insert into models (id, name, maker_id) values (1679, 'Fura', 103);
insert into models (id, name, maker_id) values (1680, 'Ibiza', 103);
insert into models (id, name, maker_id) values (1681, 'Inka', 103);
insert into models (id, name, maker_id) values (1682, 'Leon', 103);
insert into models (id, name, maker_id) values (1683, 'Malaga', 103);
insert into models (id, name, maker_id) values (1684, 'Marbella', 103);
insert into models (id, name, maker_id) values (1685, 'Mii', 103);
insert into models (id, name, maker_id) values (1686, 'Ronda', 103);
insert into models (id, name, maker_id) values (1687, 'Tarraco', 103);
insert into models (id, name, maker_id) values (1688, 'Terra', 103);
insert into models (id, name, maker_id) values (1689, 'Toledo', 103);
insert into models (id, name, maker_id) values (1690, 'Vario', 103);
insert into models (id, name, maker_id) values (1691, 'Stella', 104);
insert into models (id, name, maker_id) values (1692, 'Ceo', 105);
insert into models (id, name, maker_id) values (1693, 'Noble', 105);
insert into models (id, name, maker_id) values (1694, '1307', 106);
insert into models (id, name, maker_id) values (1695, '1308', 106);
insert into models (id, name, maker_id) values (1696, '1309', 106);
insert into models (id, name, maker_id) values (1697, '1510', 106);
insert into models (id, name, maker_id) values (1698, '9', 106);
insert into models (id, name, maker_id) values (1699, '9 Sport', 106);
insert into models (id, name, maker_id) values (1700, 'Aront', 106);
insert into models (id, name, maker_id) values (1701, 'Chrysler', 106);
insert into models (id, name, maker_id) values (1702, 'Horizon', 106);
insert into models (id, name, maker_id) values (1703, 'Shambord', 106);
insert into models (id, name, maker_id) values (1704, 'Solara', 106);
insert into models (id, name, maker_id) values (1705, 'Special', 106);
insert into models (id, name, maker_id) values (1706, 'Versail', 106);
insert into models (id, name, maker_id) values (1707, '100', 107);
insert into models (id, name, maker_id) values (1708, '1000', 107);
insert into models (id, name, maker_id) values (1709, '105', 107);
insert into models (id, name, maker_id) values (1710, '120', 107);
insert into models (id, name, maker_id) values (1711, '125', 107);
insert into models (id, name, maker_id) values (1712, '130', 107);
insert into models (id, name, maker_id) values (1713, '135', 107);
insert into models (id, name, maker_id) values (1714, '136', 107);
insert into models (id, name, maker_id) values (1715, 'Citigo', 107);
insert into models (id, name, maker_id) values (1716, 'Fabia', 107);
insert into models (id, name, maker_id) values (1717, 'Favorit', 107);
insert into models (id, name, maker_id) values (1718, 'Felicia', 107);
insert into models (id, name, maker_id) values (1719, 'Forman', 107);
insert into models (id, name, maker_id) values (1720, 'Karoq', 107);
insert into models (id, name, maker_id) values (1721, 'Kodiaq', 107);
insert into models (id, name, maker_id) values (1722, 'Octavia', 107);
insert into models (id, name, maker_id) values (1723, 'Praktik', 107);
insert into models (id, name, maker_id) values (1724, 'Rapid', 107);
insert into models (id, name, maker_id) values (1725, 'Roomster', 107);
insert into models (id, name, maker_id) values (1726, 'Superb', 107);
insert into models (id, name, maker_id) values (1727, 'Yeti', 107);
insert into models (id, name, maker_id) values (1728, 'Forfour', 108);
insert into models (id, name, maker_id) values (1729, 'Fortwo', 108);
insert into models (id, name, maker_id) values (1730, 'Mc', 108);
insert into models (id, name, maker_id) values (1731, 'Roadster', 108);
insert into models (id, name, maker_id) values (1732, 'Chairman', 109);
insert into models (id, name, maker_id) values (1733, 'Rodius', 109);
insert into models (id, name, maker_id) values (1734, 'Actyon', 110);
insert into models (id, name, maker_id) values (1735, 'Actyon Sports', 110);
insert into models (id, name, maker_id) values (1736, 'Korando', 110);
insert into models (id, name, maker_id) values (1737, 'Korando Sports', 110);
insert into models (id, name, maker_id) values (1738, 'Kyron', 110);
insert into models (id, name, maker_id) values (1739, 'Musso', 110);
insert into models (id, name, maker_id) values (1740, 'Rexton', 110);
insert into models (id, name, maker_id) values (1741, 'Tivoli', 110);
insert into models (id, name, maker_id) values (1742, 'XLV', 110);
insert into models (id, name, maker_id) values (1743, '1800', 111);
insert into models (id, name, maker_id) values (1744, 'B9 tribeca', 111);
insert into models (id, name, maker_id) values (1745, 'BRZ', 111);
insert into models (id, name, maker_id) values (1746, 'Baja', 111);
insert into models (id, name, maker_id) values (1747, 'E12', 111);
insert into models (id, name, maker_id) values (1748, 'Forester', 111);
insert into models (id, name, maker_id) values (1749, 'G3x justy', 111);
insert into models (id, name, maker_id) values (1750, 'Impreza', 111);
insert into models (id, name, maker_id) values (1751, 'Justy', 111);
insert into models (id, name, maker_id) values (1752, 'Legacy', 111);
insert into models (id, name, maker_id) values (1753, 'Leone', 111);
insert into models (id, name, maker_id) values (1754, 'Levorg', 111);
insert into models (id, name, maker_id) values (1755, 'Libero', 111);
insert into models (id, name, maker_id) values (1756, 'Outback', 111);
insert into models (id, name, maker_id) values (1757, 'Svx', 111);
insert into models (id, name, maker_id) values (1758, 'Trezia', 111);
insert into models (id, name, maker_id) values (1759, 'Vivio', 111);
insert into models (id, name, maker_id) values (1760, 'XT', 111);
insert into models (id, name, maker_id) values (1761, 'XV', 111);
insert into models (id, name, maker_id) values (1762, 'Alto', 112);
insert into models (id, name, maker_id) values (1763, 'Baleno', 112);
insert into models (id, name, maker_id) values (1764, 'Celerio', 112);
insert into models (id, name, maker_id) values (1765, 'Forenza', 112);
insert into models (id, name, maker_id) values (1766, 'Grand vitara', 112);
insert into models (id, name, maker_id) values (1767, 'Ignis', 112);
insert into models (id, name, maker_id) values (1768, 'Jimny', 112);
insert into models (id, name, maker_id) values (1769, 'Kizashi', 112);
insert into models (id, name, maker_id) values (1770, 'Liana', 112);
insert into models (id, name, maker_id) values (1771, 'Maruti', 112);
insert into models (id, name, maker_id) values (1772, 'Reno', 112);
insert into models (id, name, maker_id) values (1773, 'SX4', 112);
insert into models (id, name, maker_id) values (1774, 'SX4 S-Cross', 112);
insert into models (id, name, maker_id) values (1775, 'Samurai', 112);
insert into models (id, name, maker_id) values (1776, 'Santana', 112);
insert into models (id, name, maker_id) values (1777, 'Sg', 112);
insert into models (id, name, maker_id) values (1778, 'Sidekick', 112);
insert into models (id, name, maker_id) values (1779, 'Sj', 112);
insert into models (id, name, maker_id) values (1780, 'Splash', 112);
insert into models (id, name, maker_id) values (1781, 'Swift', 112);
insert into models (id, name, maker_id) values (1782, 'Vitara', 112);
insert into models (id, name, maker_id) values (1783, 'Wagon r', 112);
insert into models (id, name, maker_id) values (1784, 'X-90', 112);
insert into models (id, name, maker_id) values (1785, 'XL-7', 112);
insert into models (id, name, maker_id) values (1786, '1100', 113);
insert into models (id, name, maker_id) values (1787, '1310', 113);
insert into models (id, name, maker_id) values (1788, 'Horizon', 113);
insert into models (id, name, maker_id) values (1789, 'Matra', 113);
insert into models (id, name, maker_id) values (1790, 'Murena', 113);
insert into models (id, name, maker_id) values (1791, 'Samba', 113);
insert into models (id, name, maker_id) values (1792, 'Simka', 113);
insert into models (id, name, maker_id) values (1793, 'Solara', 113);
insert into models (id, name, maker_id) values (1794, 'Aria', 114);
insert into models (id, name, maker_id) values (1795, 'Estate', 114);
insert into models (id, name, maker_id) values (1796, 'Indica', 114);
insert into models (id, name, maker_id) values (1797, 'Mint', 114);
insert into models (id, name, maker_id) values (1798, 'Nano', 114);
insert into models (id, name, maker_id) values (1799, 'Safari', 114);
insert into models (id, name, maker_id) values (1800, 'Sierra', 114);
insert into models (id, name, maker_id) values (1801, 'Sumo', 114);
insert into models (id, name, maker_id) values (1802, 'Telcoline', 114);
insert into models (id, name, maker_id) values (1803, 'Xenon', 114);
insert into models (id, name, maker_id) values (1804, '.', 115);
insert into models (id, name, maker_id) values (1805, 'Dana', 115);
insert into models (id, name, maker_id) values (1806, 'Kombi', 115);
insert into models (id, name, maker_id) values (1807, 'Slavuta', 115);
insert into models (id, name, maker_id) values (1808, 'Zero', 116);
insert into models (id, name, maker_id) values (1809, 'Gurkha', 117);
insert into models (id, name, maker_id) values (1810, 'Judo', 117);
insert into models (id, name, maker_id) values (1811, 'Fl2850', 118);
insert into models (id, name, maker_id) values (1812, 'Sl3000', 118);
insert into models (id, name, maker_id) values (1813, 'Model 3', 119);
insert into models (id, name, maker_id) values (1814, 'Model S', 119);
insert into models (id, name, maker_id) values (1815, 'Model X', 119);
insert into models (id, name, maker_id) values (1816, 'Roadster', 119);
insert into models (id, name, maker_id) values (1817, 'Roadster Sport', 119);
insert into models (id, name, maker_id) values (1818, 'Dogan', 120);
insert into models (id, name, maker_id) values (1819, 'Kartal', 120);
insert into models (id, name, maker_id) values (1820, 'Sahin', 120);
insert into models (id, name, maker_id) values (1821, '4runner', 121);
insert into models (id, name, maker_id) values (1822, 'Auris', 121);
insert into models (id, name, maker_id) values (1823, 'Avalon', 121);
insert into models (id, name, maker_id) values (1824, 'Avensis', 121);
insert into models (id, name, maker_id) values (1825, 'Avensis verso', 121);
insert into models (id, name, maker_id) values (1826, 'Aygo', 121);
insert into models (id, name, maker_id) values (1827, 'C-HR', 121);
insert into models (id, name, maker_id) values (1828, 'Camry', 121);
insert into models (id, name, maker_id) values (1829, 'Carina', 121);
insert into models (id, name, maker_id) values (1830, 'Celica', 121);
insert into models (id, name, maker_id) values (1831, 'Corolla', 121);
insert into models (id, name, maker_id) values (1832, 'Corolla Matrix', 121);
insert into models (id, name, maker_id) values (1833, 'Corolla verso', 121);
insert into models (id, name, maker_id) values (1834, 'Cressida', 121);
insert into models (id, name, maker_id) values (1835, 'Crown', 121);
insert into models (id, name, maker_id) values (1836, 'Fj cruiser', 121);
insert into models (id, name, maker_id) values (1837, 'GT86', 121);
insert into models (id, name, maker_id) values (1838, 'Harrier', 121);
insert into models (id, name, maker_id) values (1839, 'Highlander', 121);
insert into models (id, name, maker_id) values (1840, 'Hilux', 121);
insert into models (id, name, maker_id) values (1841, 'IQ', 121);
insert into models (id, name, maker_id) values (1842, 'Land cruiser', 121);
insert into models (id, name, maker_id) values (1843, 'Matrix', 121);
insert into models (id, name, maker_id) values (1844, 'Mr2', 121);
insert into models (id, name, maker_id) values (1845, 'Paseo', 121);
insert into models (id, name, maker_id) values (1846, 'Picnic', 121);
insert into models (id, name, maker_id) values (1847, 'Previa', 121);
insert into models (id, name, maker_id) values (1848, 'Prius', 121);
insert into models (id, name, maker_id) values (1849, 'Rav4', 121);
insert into models (id, name, maker_id) values (1850, 'Scion', 121);
insert into models (id, name, maker_id) values (1851, 'Sequoia', 121);
insert into models (id, name, maker_id) values (1852, 'Sienna', 121);
insert into models (id, name, maker_id) values (1853, 'Starlet', 121);
insert into models (id, name, maker_id) values (1854, 'Supra', 121);
insert into models (id, name, maker_id) values (1855, 'Tacoma', 121);
insert into models (id, name, maker_id) values (1856, 'Tercel', 121);
insert into models (id, name, maker_id) values (1857, 'Tundra', 121);
insert into models (id, name, maker_id) values (1858, 'Urban Cruiser', 121);
insert into models (id, name, maker_id) values (1859, 'Venza', 121);
insert into models (id, name, maker_id) values (1860, 'Verso', 121);
insert into models (id, name, maker_id) values (1861, 'Verso S', 121);
insert into models (id, name, maker_id) values (1862, 'Yaris', 121);
insert into models (id, name, maker_id) values (1863, 'Yaris verso', 121);
insert into models (id, name, maker_id) values (1864, '600', 122);
insert into models (id, name, maker_id) values (1865, '601', 122);
insert into models (id, name, maker_id) values (1866, 'Combi', 122);
insert into models (id, name, maker_id) values (1867, 'T 1.1', 122);
insert into models (id, name, maker_id) values (1868, 'Acclaim', 123);
insert into models (id, name, maker_id) values (1869, 'Dolomite', 123);
insert into models (id, name, maker_id) values (1870, 'Herald', 123);
insert into models (id, name, maker_id) values (1871, 'Spitfire', 123);
insert into models (id, name, maker_id) values (1872, 'Stag', 123);
insert into models (id, name, maker_id) values (1873, 'Tr6', 123);
insert into models (id, name, maker_id) values (1874, 'Tr7', 123);
insert into models (id, name, maker_id) values (1875, '2206', 124);
insert into models (id, name, maker_id) values (1876, '23602 Cargo', 124);
insert into models (id, name, maker_id) values (1877, '3303', 124);
insert into models (id, name, maker_id) values (1878, '3741', 124);
insert into models (id, name, maker_id) values (1879, '390945', 124);
insert into models (id, name, maker_id) values (1880, '390995', 124);
insert into models (id, name, maker_id) values (1881, '452', 124);
insert into models (id, name, maker_id) values (1882, '460', 124);
insert into models (id, name, maker_id) values (1883, '469', 124);
insert into models (id, name, maker_id) values (1884, '669', 124);
insert into models (id, name, maker_id) values (1885, '69', 124);
insert into models (id, name, maker_id) values (1886, 'Hunter', 124);
insert into models (id, name, maker_id) values (1887, 'Patriot', 124);
insert into models (id, name, maker_id) values (1888, 'Профи', 124);
insert into models (id, name, maker_id) values (1889, 'Kiwi', 125);
insert into models (id, name, maker_id) values (1890, 'Rhea', 125);
insert into models (id, name, maker_id) values (1891, '1200', 126);
insert into models (id, name, maker_id) values (1892, '1300', 126);
insert into models (id, name, maker_id) values (1893, '1302', 126);
insert into models (id, name, maker_id) values (1894, '1303', 126);
insert into models (id, name, maker_id) values (1895, '1500', 126);
insert into models (id, name, maker_id) values (1896, '1600', 126);
insert into models (id, name, maker_id) values (1897, 'Alltrack', 126);
insert into models (id, name, maker_id) values (1898, 'Amarok', 126);
insert into models (id, name, maker_id) values (1899, 'Arteon', 126);
insert into models (id, name, maker_id) values (1900, 'Atlas', 126);
insert into models (id, name, maker_id) values (1901, 'Bora', 126);
insert into models (id, name, maker_id) values (1902, 'Caddy', 126);
insert into models (id, name, maker_id) values (1903, 'Corrado', 126);
insert into models (id, name, maker_id) values (1904, 'Derby', 126);
insert into models (id, name, maker_id) values (1905, 'Eos', 126);
insert into models (id, name, maker_id) values (1906, 'Fox', 126);
insert into models (id, name, maker_id) values (1907, 'Golf', 126);
insert into models (id, name, maker_id) values (1908, 'Golf Plus', 126);
insert into models (id, name, maker_id) values (1909, 'Golf Variant', 126);
insert into models (id, name, maker_id) values (1910, 'Jetta', 126);
insert into models (id, name, maker_id) values (1911, 'K 70', 126);
insert into models (id, name, maker_id) values (1912, 'Karmann-ghia', 126);
insert into models (id, name, maker_id) values (1913, 'Lupo', 126);
insert into models (id, name, maker_id) values (1914, 'Multivan', 126);
insert into models (id, name, maker_id) values (1915, 'New beetle', 126);
insert into models (id, name, maker_id) values (1916, 'Passat', 126);
insert into models (id, name, maker_id) values (1917, 'Phaeton', 126);
insert into models (id, name, maker_id) values (1918, 'Polo', 126);
insert into models (id, name, maker_id) values (1919, 'Rabbit', 126);
insert into models (id, name, maker_id) values (1920, 'Santana', 126);
insert into models (id, name, maker_id) values (1921, 'Scirocco', 126);
insert into models (id, name, maker_id) values (1922, 'Sharan', 126);
insert into models (id, name, maker_id) values (1923, 'Sportsvan', 126);
insert into models (id, name, maker_id) values (1924, 'T-Cross', 126);
insert into models (id, name, maker_id) values (1925, 'T-Roc', 126);
insert into models (id, name, maker_id) values (1926, 'Taro', 126);
insert into models (id, name, maker_id) values (1927, 'Tiguan', 126);
insert into models (id, name, maker_id) values (1928, 'Touareg', 126);
insert into models (id, name, maker_id) values (1929, 'Touran', 126);
insert into models (id, name, maker_id) values (1930, 'Up', 126);
insert into models (id, name, maker_id) values (1931, 'Vento', 126);
insert into models (id, name, maker_id) values (1932, '22', 127);
insert into models (id, name, maker_id) values (1933, '24', 127);
insert into models (id, name, maker_id) values (1934, '3110', 127);
insert into models (id, name, maker_id) values (1935, '3111', 127);
insert into models (id, name, maker_id) values (1936, 'M 20', 127);
insert into models (id, name, maker_id) values (1937, 'M 21', 127);
insert into models (id, name, maker_id) values (1938, 'Siber', 127);
insert into models (id, name, maker_id) values (1939, '142', 128);
insert into models (id, name, maker_id) values (1940, '144', 128);
insert into models (id, name, maker_id) values (1941, '145', 128);
insert into models (id, name, maker_id) values (1942, '164', 128);
insert into models (id, name, maker_id) values (1943, '1800 es', 128);
insert into models (id, name, maker_id) values (1944, '240', 128);
insert into models (id, name, maker_id) values (1945, '244', 128);
insert into models (id, name, maker_id) values (1946, '245', 128);
insert into models (id, name, maker_id) values (1947, '262 c', 128);
insert into models (id, name, maker_id) values (1948, '264', 128);
insert into models (id, name, maker_id) values (1949, '340', 128);
insert into models (id, name, maker_id) values (1950, '343', 128);
insert into models (id, name, maker_id) values (1951, '344', 128);
insert into models (id, name, maker_id) values (1952, '345', 128);
insert into models (id, name, maker_id) values (1953, '360', 128);
insert into models (id, name, maker_id) values (1954, '440', 128);
insert into models (id, name, maker_id) values (1955, '460', 128);
insert into models (id, name, maker_id) values (1956, '480', 128);
insert into models (id, name, maker_id) values (1957, '66', 128);
insert into models (id, name, maker_id) values (1958, '740', 128);
insert into models (id, name, maker_id) values (1959, '744', 128);
insert into models (id, name, maker_id) values (1960, '745', 128);
insert into models (id, name, maker_id) values (1961, '760', 128);
insert into models (id, name, maker_id) values (1962, '765', 128);
insert into models (id, name, maker_id) values (1963, '770', 128);
insert into models (id, name, maker_id) values (1964, '780', 128);
insert into models (id, name, maker_id) values (1965, '850', 128);
insert into models (id, name, maker_id) values (1966, '940', 128);
insert into models (id, name, maker_id) values (1967, '960', 128);
insert into models (id, name, maker_id) values (1968, 'C30', 128);
insert into models (id, name, maker_id) values (1969, 'C70', 128);
insert into models (id, name, maker_id) values (1970, 'P 1800', 128);
insert into models (id, name, maker_id) values (1971, 'S40', 128);
insert into models (id, name, maker_id) values (1972, 'S60', 128);
insert into models (id, name, maker_id) values (1973, 'S70', 128);
insert into models (id, name, maker_id) values (1974, 'S80', 128);
insert into models (id, name, maker_id) values (1975, 'S90', 128);
insert into models (id, name, maker_id) values (1976, 'V40', 128);
insert into models (id, name, maker_id) values (1977, 'V40 Cross Country', 128);
insert into models (id, name, maker_id) values (1978, 'V50', 128);
insert into models (id, name, maker_id) values (1979, 'V60', 128);
insert into models (id, name, maker_id) values (1980, 'V60 Cross Country', 128);
insert into models (id, name, maker_id) values (1981, 'V70', 128);
insert into models (id, name, maker_id) values (1982, 'V90', 128);
insert into models (id, name, maker_id) values (1983, 'V90 Cross Country', 128);
insert into models (id, name, maker_id) values (1984, 'XC40', 128);
insert into models (id, name, maker_id) values (1985, 'XC60', 128);
insert into models (id, name, maker_id) values (1986, 'Xc70', 128);
insert into models (id, name, maker_id) values (1987, 'Xc90', 128);
insert into models (id, name, maker_id) values (1988, '223', 129);
insert into models (id, name, maker_id) values (1989, '232', 129);
insert into models (id, name, maker_id) values (1990, '1.3', 130);
insert into models (id, name, maker_id) values (1991, '311', 130);
insert into models (id, name, maker_id) values (1992, '312', 130);
insert into models (id, name, maker_id) values (1993, '353', 130);
insert into models (id, name, maker_id) values (1994, 'Gt', 131);
insert into models (id, name, maker_id) values (1995, 'Mf3', 131);
insert into models (id, name, maker_id) values (1996, 'Mf4', 131);
insert into models (id, name, maker_id) values (1997, 'Mf5', 131);
insert into models (id, name, maker_id) values (1998, '1021d', 132);
insert into models (id, name, maker_id) values (1999, '1021ls', 132);
insert into models (id, name, maker_id) values (2000, '1021s', 132);
insert into models (id, name, maker_id) values (2001, '2021d', 132);
insert into models (id, name, maker_id) values (2002, '2021s', 132);
insert into models (id, name, maker_id) values (2003, 'XS-D055', 133);
insert into models (id, name, maker_id) values (2004, '600', 134);
insert into models (id, name, maker_id) values (2005, '750', 134);
insert into models (id, name, maker_id) values (2006, 'Florida', 134);
insert into models (id, name, maker_id) values (2007, 'Gt 55', 134);
insert into models (id, name, maker_id) values (2008, 'Koral', 134);
insert into models (id, name, maker_id) values (2009, 'Miami', 134);
insert into models (id, name, maker_id) values (2010, 'Yugo 45', 134);
insert into models (id, name, maker_id) values (2011, '1102', 135);
insert into models (id, name, maker_id) values (2012, '1103', 135);
insert into models (id, name, maker_id) values (2013, '1105', 135);
insert into models (id, name, maker_id) values (2014, '965', 135);
insert into models (id, name, maker_id) values (2015, '966', 135);
insert into models (id, name, maker_id) values (2016, '968', 135);
insert into models (id, name, maker_id) values (2017, 'Tavria', 135);
insert into locations (id, name, maps_url) values (1, 'Sofia', 'https://www.google.com/maps/?q=42.69751,23.32415');
insert into locations (id, name, maps_url) values (2, 'Plovdiv', 'https://www.google.com/maps/?q=42.15,24.75');
insert into locations (id, name, maps_url) values (3, 'Varna', 'https://www.google.com/maps/?q=43.21667,27.91667');
insert into locations (id, name, maps_url) values (4, 'Burgas', 'https://www.google.com/maps/?q=42.50606,27.46781');
insert into locations (id, name, maps_url) values (5, 'Ruse', 'https://www.google.com/maps/?q=43.85639,25.97083');
insert into locations (id, name, maps_url) values (6, 'Stara Zagora', 'https://www.google.com/maps/?q=42.43278,25.64194');
insert into locations (id, name, maps_url) values (7, 'Pleven', 'https://www.google.com/maps/?q=43.41667,24.61667');
insert into locations (id, name, maps_url) values (8, 'Sliven', 'https://www.google.com/maps/?q=42.68583,26.32917');
insert into locations (id, name, maps_url) values (9, 'Dobrich', 'https://www.google.com/maps/?q=43.56667,27.83333');
insert into locations (id, name, maps_url) values (10, 'Shumen', 'https://www.google.com/maps/?q=43.27064,26.92286');
insert into locations (id, name, maps_url) values (11, 'Pernik', 'https://www.google.com/maps/?q=42.6,23.03333');
insert into locations (id, name, maps_url) values (12, 'Yambol', 'https://www.google.com/maps/?q=42.48333,26.5');
insert into locations (id, name, maps_url) values (13, 'Haskovo', 'https://www.google.com/maps/?q=41.93415,25.55557');
insert into locations (id, name, maps_url) values (14, 'Pazardzhik', 'https://www.google.com/maps/?q=42.2,24.33333');
insert into locations (id, name, maps_url) values (15, 'Blagoevgrad', 'https://www.google.com/maps/?q=42.01667,23.1');
insert into locations (id, name, maps_url) values (16, 'Veliko Turnovo', 'https://www.google.com/maps/?q=43.08124,25.62904');
insert into locations (id, name, maps_url) values (17, 'Gabrovo', 'https://www.google.com/maps/?q=42.87472,25.33417');
insert into locations (id, name, maps_url) values (18, 'Vratsa', 'https://www.google.com/maps/?q=43.21,23.5625');
insert into locations (id, name, maps_url) values (19, 'Kazanlak', 'https://www.google.com/maps/?q=42.61667,25.4');
insert into locations (id, name, maps_url) values (20, 'Vidin', 'https://www.google.com/maps/?q=43.99,22.8725');
insert into locations (id, name, maps_url) values (21, 'Asenovgrad', 'https://www.google.com/maps/?q=42.01667,24.86667');
insert into locations (id, name, maps_url) values (22, 'Kardzhali', 'https://www.google.com/maps/?q=41.65,25.36667');
insert into locations (id, name, maps_url) values (23, 'Kyustendil', 'https://www.google.com/maps/?q=42.28389,22.69111');
insert into locations (id, name, maps_url) values (24, 'Montana', 'https://www.google.com/maps/?q=43.4125,23.225');
insert into locations (id, name, maps_url) values (25, 'Dimitrovgrad', 'https://www.google.com/maps/?q=42.05,25.6');
insert into locations (id, name, maps_url) values (26, 'Lovech', 'https://www.google.com/maps/?q=43.13333,24.71667');
insert into locations (id, name, maps_url) values (27, 'Silistra', 'https://www.google.com/maps/?q=44.11667,27.26667');
insert into locations (id, name, maps_url) values (28, 'Razgrad', 'https://www.google.com/maps/?q=43.53333,26.51667');
insert into locations (id, name, maps_url) values (29, 'Targovishte', 'https://www.google.com/maps/?q=43.2512,26.57215');
insert into locations (id, name, maps_url) values (30, 'Dupnitsa', 'https://www.google.com/maps/?q=42.26667,23.11667');
insert into locations (id, name, maps_url) values (31, 'Gorna Oryahovitsa', 'https://www.google.com/maps/?q=43.12778,25.70167');
insert into locations (id, name, maps_url) values (32, 'Svishtov', 'https://www.google.com/maps/?q=43.61959,25.35044');
insert into locations (id, name, maps_url) values (33, 'Smolyan', 'https://www.google.com/maps/?q=41.57439,24.71204');
insert into locations (id, name, maps_url) values (34, 'Petrich', 'https://www.google.com/maps/?q=41.39846,23.20702');
insert into locations (id, name, maps_url) values (35, 'Samokov', 'https://www.google.com/maps/?q=42.337,23.5528');
insert into locations (id, name, maps_url) values (36, 'Lom', 'https://www.google.com/maps/?q=43.81389,23.23611');
insert into locations (id, name, maps_url) values (37, 'Sandanski', 'https://www.google.com/maps/?q=41.56667,23.28333');
insert into locations (id, name, maps_url) values (38, 'Sevlievo', 'https://www.google.com/maps/?q=43.02583,25.11361');
insert into locations (id, name, maps_url) values (39, 'Nova Zagora', 'https://www.google.com/maps/?q=42.48333,26.01667');
insert into locations (id, name, maps_url) values (40, 'Velingrad', 'https://www.google.com/maps/?q=42.02754,23.99155');
insert into locations (id, name, maps_url) values (41, 'Cherven Bryag', 'https://www.google.com/maps/?q=43.26667,24.1');
insert into locations (id, name, maps_url) values (42, 'Troyan', 'https://www.google.com/maps/?q=42.89427,24.71589');
insert into locations (id, name, maps_url) values (43, 'Aytos', 'https://www.google.com/maps/?q=42.7,27.25');
insert into locations (id, name, maps_url) values (44, 'Botevgrad', 'https://www.google.com/maps/?q=42.9,23.78333');
insert into locations (id, name, maps_url) values (45, 'Gotse Delchev', 'https://www.google.com/maps/?q=41.56667,23.73333');
insert into locations (id, name, maps_url) values (46, 'Karlovo', 'https://www.google.com/maps/?q=42.63333,24.8');
insert into locations (id, name, maps_url) values (47, 'Karnobat', 'https://www.google.com/maps/?q=42.65,26.98333');
insert into locations (id, name, maps_url) values (48, 'Panagyurishte', 'https://www.google.com/maps/?q=42.49518,24.19021');
insert into locations (id, name, maps_url) values (49, 'Svilengrad', 'https://www.google.com/maps/?q=41.76667,26.2');
insert into locations (id, name, maps_url) values (50, 'Harmanli', 'https://www.google.com/maps/?q=41.93333,25.9');
insert into locations (id, name, maps_url) values (51, 'Peshtera', 'https://www.google.com/maps/?q=42.03372,24.29995');
insert into locations (id, name, maps_url) values (52, 'Chirpan', 'https://www.google.com/maps/?q=42.2,25.33333');
insert into locations (id, name, maps_url) values (53, 'Parvomay', 'https://www.google.com/maps/?q=42.1,25.21667');
insert into locations (id, name, maps_url) values (54, 'Popovo', 'https://www.google.com/maps/?q=43.35,26.23333');
insert into locations (id, name, maps_url) values (55, 'Rakovski', 'https://www.google.com/maps/?q=42.27408,24.94083');
insert into locations (id, name, maps_url) values (56, 'Berkovitsa', 'https://www.google.com/maps/?q=43.23581,23.12738');
insert into locations (id, name, maps_url) values (57, 'Radomir', 'https://www.google.com/maps/?q=42.54565,22.96553');
insert into locations (id, name, maps_url) values (58, 'Kozloduy', 'https://www.google.com/maps/?q=43.77864,23.72058');
insert into locations (id, name, maps_url) values (59, 'Radnevo', 'https://www.google.com/maps/?q=42.3,25.93333');
insert into locations (id, name, maps_url) values (60, 'Ihtiman', 'https://www.google.com/maps/?q=42.43333,23.81667');
insert into locations (id, name, maps_url) values (61, 'Tryavna', 'https://www.google.com/maps/?q=42.86667,25.5');
insert into locations (id, name, maps_url) values (62, 'Provadia', 'https://www.google.com/maps/?q=43.18333,27.43333');
insert into locations (id, name, maps_url) values (63, 'Pomorie', 'https://www.google.com/maps/?q=42.56326,27.62986');
insert into locations (id, name, maps_url) values (64, 'Byala Slatina', 'https://www.google.com/maps/?q=43.46667,23.93333');
insert into locations (id, name, maps_url) values (65, 'Novi Pazar', 'https://www.google.com/maps/?q=43.35,27.2');
insert into locations (id, name, maps_url) values (66, 'Balchik', 'https://www.google.com/maps/?q=43.42166,28.15848');
insert into locations (id, name, maps_url) values (67, 'Razlog', 'https://www.google.com/maps/?q=41.8863,23.46714');
insert into locations (id, name, maps_url) values (68, 'Pavlikeni', 'https://www.google.com/maps/?q=43.24278,25.32194');
insert into locations (id, name, maps_url) values (69, 'Kostinbrod', 'https://www.google.com/maps/?q=42.81667,23.21667');
insert into locations (id, name, maps_url) values (70, 'Stamboliyski', 'https://www.google.com/maps/?q=42.13333,24.53333');
insert into locations (id, name, maps_url) values (71, 'Mezdra', 'https://www.google.com/maps/?q=43.15,23.7');
insert into locations (id, name, maps_url) values (72, 'Levski', 'https://www.google.com/maps/?q=43.36667,25.13333');
insert into locations (id, name, maps_url) values (73, 'Kavarna', 'https://www.google.com/maps/?q=43.43601,28.33953');
insert into locations (id, name, maps_url) values (74, 'Elhovo', 'https://www.google.com/maps/?q=42.16667,26.56667');
insert into locations (id, name, maps_url) values (75, 'Etropole', 'https://www.google.com/maps/?q=42.83333,24');
insert into locations (id, name, maps_url) values (76, 'Teteven', 'https://www.google.com/maps/?q=42.91667,24.26667');
insert into locations (id, name, maps_url) values (77, 'Tutrakan', 'https://www.google.com/maps/?q=44.05,26.61667');
insert into locations (id, name, maps_url) values (78, 'Lukovit', 'https://www.google.com/maps/?q=43.2,24.16667');
insert into locations (id, name, maps_url) values (79, 'Belene', 'https://www.google.com/maps/?q=43.64594,25.12627');
insert into locations (id, name, maps_url) values (80, 'Zlatni Pyasatsi', 'https://www.google.com/maps/?q=43.285,28.0418');
insert into locations (id, name, maps_url) values (81, 'Isperih', 'https://www.google.com/maps/?q=43.71667,26.83333');
insert into locations (id, name, maps_url) values (82, 'Sredets', 'https://www.google.com/maps/?q=42.34747,27.17898');
insert into locations (id, name, maps_url) values (83, 'Veliki Preslav', 'https://www.google.com/maps/?q=43.16667,26.81667');
insert into locations (id, name, maps_url) values (84, 'Bansko', 'https://www.google.com/maps/?q=41.8383,23.48851');
insert into locations (id, name, maps_url) values (85, 'Omurtag', 'https://www.google.com/maps/?q=43.1,26.41667');
insert into locations (id, name, maps_url) values (86, 'Kubrat', 'https://www.google.com/maps/?q=43.79658,26.50063');
insert into locations (id, name, maps_url) values (87, 'Svoge', 'https://www.google.com/maps/?q=42.96667,23.35');
insert into locations (id, name, maps_url) values (88, 'Septemvri', 'https://www.google.com/maps/?q=42.21138,24.12946');
insert into locations (id, name, maps_url) values (89, 'Krichim', 'https://www.google.com/maps/?q=42.05,24.46667');
insert into locations (id, name, maps_url) values (90, 'Lyaskovets', 'https://www.google.com/maps/?q=43.11111,25.72833');
insert into locations (id, name, maps_url) values (91, 'Gulubovo', 'https://www.google.com/maps/?q=42.13333,25.85');
insert into locations (id, name, maps_url) values (92, 'Rakitovo', 'https://www.google.com/maps/?q=41.99012,24.0873');
insert into locations (id, name, maps_url) values (93, 'Dryanovo', 'https://www.google.com/maps/?q=42.97897,25.4785');
insert into locations (id, name, maps_url) values (94, 'Devnya', 'https://www.google.com/maps/?q=43.22222,27.56944');
insert into locations (id, name, maps_url) values (95, 'Pirdop', 'https://www.google.com/maps/?q=42.7,24.18333');
insert into locations (id, name, maps_url) values (96, 'Lyubimets', 'https://www.google.com/maps/?q=41.83333,26.08333');
insert into locations (id, name, maps_url) values (97, 'Beloslav', 'https://www.google.com/maps/?q=43.1896,27.70429');
insert into locations (id, name, maps_url) values (98, 'Hisarya', 'https://www.google.com/maps/?q=42.5,24.7');
insert into locations (id, name, maps_url) values (99, 'General Toshevo', 'https://www.google.com/maps/?q=43.70123,28.03787');
insert into locations (id, name, maps_url) values (100, 'Slivnitsa', 'https://www.google.com/maps/?q=42.85182,23.03792');
insert into locations (id, name, maps_url) values (101, 'Varshets', 'https://www.google.com/maps/?q=43.19356,23.2868');
insert into locations (id, name, maps_url) values (102, 'Devin', 'https://www.google.com/maps/?q=41.74327,24.40003');
insert into locations (id, name, maps_url) values (103, 'Simeonovgrad', 'https://www.google.com/maps/?q=42.03333,25.83333');
insert into locations (id, name, maps_url) values (104, 'Elin Pelin', 'https://www.google.com/maps/?q=42.66667,23.6');
insert into locations (id, name, maps_url) values (105, 'Zlatograd', 'https://www.google.com/maps/?q=41.3795,25.09605');
insert into locations (id, name, maps_url) values (106, 'Dolni Chiflik', 'https://www.google.com/maps/?q=42.99296,27.71596');
insert into locations (id, name, maps_url) values (107, 'Aksakovo', 'https://www.google.com/maps/?q=43.25615,27.82105');
insert into locations (id, name, maps_url) values (108, 'Knezha', 'https://www.google.com/maps/?q=43.5,24.08333');
insert into locations (id, name, maps_url) values (109, 'Tervel', 'https://www.google.com/maps/?q=43.74789,27.40911');
insert into locations (id, name, maps_url) values (110, 'Dulovo', 'https://www.google.com/maps/?q=43.81667,27.15');
insert into locations (id, name, maps_url) values (111, 'Simitli', 'https://www.google.com/maps/?q=41.88333,23.11667');
insert into locations (id, name, maps_url) values (112, 'Tvarditsa', 'https://www.google.com/maps/?q=42.7,25.9');
insert into locations (id, name, maps_url) values (113, 'Topolovgrad', 'https://www.google.com/maps/?q=42.08333,26.33333');
insert into locations (id, name, maps_url) values (114, 'Saedinenie', 'https://www.google.com/maps/?q=42.26667,24.55');
insert into locations (id, name, maps_url) values (115, 'Kotel', 'https://www.google.com/maps/?q=42.88333,26.45');
insert into locations (id, name, maps_url) values (116, 'Nesebar', 'https://www.google.com/maps/?q=42.65921,27.73602');
insert into locations (id, name, maps_url) values (117, 'Bobov Dol', 'https://www.google.com/maps/?q=42.36256,23.00324');
insert into locations (id, name, maps_url) values (118, 'Tsarevo', 'https://www.google.com/maps/?q=42.16955,27.84541');
insert into locations (id, name, maps_url) values (119, 'Elena', 'https://www.google.com/maps/?q=42.93333,25.88333');
insert into locations (id, name, maps_url) values (120, 'Yakoruda', 'https://www.google.com/maps/?q=42.02528,23.68417');
insert into locations (id, name, maps_url) values (121, 'Straldzha', 'https://www.google.com/maps/?q=42.6,26.68333');
insert into locations (id, name, maps_url) values (122, 'Zlatitsa', 'https://www.google.com/maps/?q=42.71667,24.13333');
insert into locations (id, name, maps_url) values (123, 'Strazhitsa', 'https://www.google.com/maps/?q=43.23333,25.96667');
insert into locations (id, name, maps_url) values (124, 'Oryahovo', 'https://www.google.com/maps/?q=43.73504,23.95792');
insert into locations (id, name, maps_url) values (125, 'Belogradchik', 'https://www.google.com/maps/?q=43.62722,22.68361');
insert into locations (id, name, maps_url) values (126, 'Polski Trambesh', 'https://www.google.com/maps/?q=43.37233,25.63525');
insert into locations (id, name, maps_url) values (127, 'Madan', 'https://www.google.com/maps/?q=41.49869,24.93973');
insert into locations (id, name, maps_url) values (128, 'Chepelare', 'https://www.google.com/maps/?q=41.73333,24.68333');
insert into locations (id, name, maps_url) values (129, 'Perushtitsa', 'https://www.google.com/maps/?q=42.05,24.55');
insert into locations (id, name, maps_url) values (130, 'Dalgopol', 'https://www.google.com/maps/?q=43.05,27.35');
insert into locations (id, name, maps_url) values (131, 'Krumovgrad', 'https://www.google.com/maps/?q=41.47127,25.65485');
insert into locations (id, name, maps_url) values (132, 'Dolni Dabnik', 'https://www.google.com/maps/?q=43.4,24.43333');
insert into locations (id, name, maps_url) values (133, 'Valchedram', 'https://www.google.com/maps/?q=43.69281,23.44518');
insert into locations (id, name, maps_url) values (134, 'Vetovo', 'https://www.google.com/maps/?q=43.7,26.26667');
insert into locations (id, name, maps_url) values (135, 'Godech', 'https://www.google.com/maps/?q=43.01682,23.04852');
insert into locations (id, name, maps_url) values (136, 'Nedelino', 'https://www.google.com/maps/?q=41.45602,25.08008');
