insert into auto_vehicles (id, body_style, doors, drive, has_accident, color, mileage, month, year, seats, state, transmission, upholstery, maker_id, model_id) values ('53a4ba76-9cda-44a1-8d17-10702b1d405a', 'VAN', 5, 'ALL_WHEEL_DRIVE', 0, 'DARK_RED', 15882, 8, 1972, 2, 'USED', 'MANUAL', 'FULL_LEATHER', 61, 907);
insert into auto_vehicles (id, body_style, doors, drive, has_accident, color, mileage, month, year, seats, state, transmission, upholstery, maker_id, model_id) values ('f18d602b-e1a5-48d0-a68f-92ebbc397a00', 'SUV', 2, 'ALL_WHEEL_DRIVE', 0, 'GRAY', 12713, 3, 1976, 10, 'NEW', 'AUTOMATIC', 'VELOUR', 100, 1662);
insert into auto_vehicles (id, body_style, doors, drive, has_accident, color, mileage, month, year, seats, state, transmission, upholstery, maker_id, model_id) values ('05cb0dce-a3dc-4118-b074-31e1c988d8ec', 'TRUCK', 7, 'REAR_WHEEL_DRIVE', 0, 'ORANGE', 67048, 1, 1995, 4, 'ACCIDENT', 'MANUAL', 'FULL_LEATHER', 84, 1443);
insert into auto_vehicles (id, body_style, doors, drive, has_accident, color, mileage, month, year, seats, state, transmission, upholstery, maker_id, model_id) values ('b7cb4a98-360d-4c36-8f33-3ad04e20c07b', 'SUV', 4, 'ALL_WHEEL_DRIVE', 0, 'DARK_BROWN', 250654, 2, 1984, 4, 'ACCIDENT', 'AUTOMATIC', 'VELOUR', 86, 1502);
insert into auto_vehicles (id, body_style, doors, drive, has_accident, color, mileage, month, year, seats, state, transmission, upholstery, maker_id, model_id) values ('f052ea83-f592-4bf8-9144-dbf2a9fe1e98', 'TRUCK', 3, 'FOUR_WHEEL_DRIVE', 0, 'WHITE', 52403, 10, 1983, 4, 'NEW', 'AUTOMATIC', 'VELOUR', 16, 262);
insert into auto_vehicles (id, body_style, doors, drive, has_accident, color, mileage, month, year, seats, state, transmission, upholstery, maker_id, model_id) values ('7762a314-2d24-483e-9237-215cd61865c2', 'SUV', 7, 'ALL_WHEEL_DRIVE', 0, 'WHITE', 64628, 12, 1946, 2, 'USED', 'AUTOMATIC', 'OTHER', 80, 1334);
insert into auto_vehicles (id, body_style, doors, drive, has_accident, color, mileage, month, year, seats, state, transmission, upholstery, maker_id, model_id) values ('23f07003-47e7-400f-9fc8-13b199eacb30', 'VAN', 2, 'FOUR_WHEEL_DRIVE', 0, 'SILVER', 227801, 7, 1980, 3, 'USED', 'MANUAL', 'OTHER', 88, 1513);
insert into auto_vehicles (id, body_style, doors, drive, has_accident, color, mileage, month, year, seats, state, transmission, upholstery, maker_id, model_id) values ('db8c05e4-0440-47c1-84c1-d16f98a05016', 'MINIVAN', 5, 'FOUR_WHEEL_DRIVE', 0, 'WHITE', 155144, 3, 1950, 3, 'USED', 'SEMI_AUTOMATIC', 'OTHER', 126, 1915);
insert into auto_vehicles (id, body_style, doors, drive, has_accident, color, mileage, month, year, seats, state, transmission, upholstery, maker_id, model_id) values ('e04d1885-c8fc-4a9f-8138-f1f89e32b3b5', 'HATCHBACK', 7, 'FOUR_WHEEL_DRIVE', 0, 'DARK_RED', 50558, 1, 1969, 7, 'ACCIDENT', 'MANUAL', 'FULL_LEATHER', 98, 1656);
insert into auto_vehicles (id, body_style, doors, drive, has_accident, color, mileage, month, year, seats, state, transmission, upholstery, maker_id, model_id) values ('584e53d6-0309-4a4e-b183-cd57f2848020', 'PICKUP', 6, 'ALL_WHEEL_DRIVE', 0, 'LIGHT_BROWN', 216967, 3, 2008, 3, 'USED', 'SEMI_AUTOMATIC', 'VELOUR', 54, 793);
insert into auto_vehicles (id, body_style, doors, drive, has_accident, color, mileage, month, year, seats, state, transmission, upholstery, maker_id, model_id) values ('8cdc44ce-040c-49fc-9f7e-dca083ec5785', 'MPV', 3, 'ALL_WHEEL_DRIVE', 0, 'BLACK', 118511, 6, 1941, 11, 'USED', 'AUTOMATIC', 'VELOUR', 111, 1760);
insert into auto_vehicles (id, body_style, doors, drive, has_accident, color, mileage, month, year, seats, state, transmission, upholstery, maker_id, model_id) values ('eba6daf6-bc6c-4bb7-acf1-aca82c273398', 'CROSSOVER', 7, 'REAR_WHEEL_DRIVE', 0, 'DARK_BLUE', 23299, 11, 1944, 4, 'NEW', 'SEMI_AUTOMATIC', 'CLOTH', 98, 1660);
insert into auto_vehicles (id, body_style, doors, drive, has_accident, color, mileage, month, year, seats, state, transmission, upholstery, maker_id, model_id) values ('3cc51a95-bda5-4f89-a3a5-585d99dea069', 'HATCHBACK', 3, 'FRONT_WHEEL_DRIVE', 0, 'BLACK', 139259, 9, 1998, 6, 'ACCIDENT', 'AUTOMATIC', 'OTHER', 44, 666);
insert into auto_vehicles (id, body_style, doors, drive, has_accident, color, mileage, month, year, seats, state, transmission, upholstery, maker_id, model_id) values ('87397e9e-ae61-4830-ba93-d09c6f0ab953', 'SUV', 3, 'ALL_WHEEL_DRIVE', 0, 'SILVER', 267104, 4, 2010, 4, 'ACCIDENT', 'SEMI_AUTOMATIC', 'FULL_LEATHER', 51, 774);
insert into auto_vehicles (id, body_style, doors, drive, has_accident, color, mileage, month, year, seats, state, transmission, upholstery, maker_id, model_id) values ('3b0337f1-d391-4e8d-829f-001052ab3160', 'SPORT', 7, 'FOUR_WHEEL_DRIVE', 0, 'LIGHT_BROWN', 134422, 3, 1977, 2, 'NEW', 'SEMI_AUTOMATIC', 'PART_LEATHER', 123, 1872);
insert into auto_vehicles (id, body_style, doors, drive, has_accident, color, mileage, month, year, seats, state, transmission, upholstery, maker_id, model_id) values ('21c39695-d191-4e3f-ab53-8d0fed602580', 'VAN', 7, 'ALL_WHEEL_DRIVE', 0, 'RED', 264641, 4, 1935, 4, 'NEW', 'AUTOMATIC', 'OTHER', 130, 1991);
insert into auto_vehicles (id, body_style, doors, drive, has_accident, color, mileage, month, year, seats, state, transmission, upholstery, maker_id, model_id) values ('8cb6c186-7c11-4a8d-81eb-9d315f330c2f', 'CONVERTIBLE', 3, 'ALL_WHEEL_DRIVE', 0, 'GRAY', 33885, 11, 2013, 7, 'ACCIDENT', 'AUTOMATIC', 'PART_LEATHER', 120, 1818);
insert into auto_vehicles (id, body_style, doors, drive, has_accident, color, mileage, month, year, seats, state, transmission, upholstery, maker_id, model_id) values ('7f1166dc-49d2-483a-889c-f2d3f026fa73', 'CROSSOVER', 3, 'FOUR_WHEEL_DRIVE', 0, 'WHITE', 162689, 7, 1982, 6, 'USED', 'MANUAL', 'FULL_LEATHER', 92, 1560);
insert into auto_vehicles (id, body_style, doors, drive, has_accident, color, mileage, month, year, seats, state, transmission, upholstery, maker_id, model_id) values ('54e4bf76-fcce-4f49-b3b8-f46b336e5372', 'HYBRID', 4, 'REAR_WHEEL_DRIVE', 0, 'DARK_BLUE', 195426, 7, 1937, 3, 'USED', 'SEMI_AUTOMATIC', 'FULL_LEATHER', 56, 811);
insert into auto_vehicles (id, body_style, doors, drive, has_accident, color, mileage, month, year, seats, state, transmission, upholstery, maker_id, model_id) values ('c584c5ef-6103-4a4c-8274-e47b4986e9c7', 'HYBRID', 3, 'REAR_WHEEL_DRIVE', 0, 'DARK_BLUE', 212602, 4, 2007, 1, 'NEW', 'MANUAL', 'PART_LEATHER', 106, 1696);
insert into auto_vehicles (id, body_style, doors, drive, has_accident, color, mileage, month, year, seats, state, transmission, upholstery, maker_id, model_id) values ('ee367852-28c0-49c4-afd6-c7484346a089', 'HATCHBACK', 2, 'FOUR_WHEEL_DRIVE', 0, 'LIGHT_BLUE', 145002, 5, 2015, 1, 'USED', 'MANUAL', 'CLOTH', 43, 665);
insert into auto_vehicles (id, body_style, doors, drive, has_accident, color, mileage, month, year, seats, state, transmission, upholstery, maker_id, model_id) values ('f2f529ba-a90b-4ae5-96dc-a8eac83553ee', 'WAGON', 5, 'FRONT_WHEEL_DRIVE', 0, 'CREAM', 180495, 6, 1977, 2, 'USED', 'MANUAL', 'FULL_LEATHER', 92, 1560);
insert into auto_vehicles (id, body_style, doors, drive, has_accident, color, mileage, month, year, seats, state, transmission, upholstery, maker_id, model_id) values ('0cb41f63-9aca-4c9c-ab00-775ca3d32f70', 'COUPE', 6, 'FRONT_WHEEL_DRIVE', 0, 'DARK_BLUE', 242959, 6, 1967, 4, 'ACCIDENT', 'MANUAL', 'FULL_LEATHER', 126, 1924);
insert into auto_vehicles (id, body_style, doors, drive, has_accident, color, mileage, month, year, seats, state, transmission, upholstery, maker_id, model_id) values ('be125f90-0188-4edd-a16f-e2df136b3e75', 'SUV', 7, 'REAR_WHEEL_DRIVE', 0, 'LIGHT_BROWN', 154358, 3, 1931, 10, 'ACCIDENT', 'SEMI_AUTOMATIC', 'VELOUR', 52, 783);
insert into auto_vehicles (id, body_style, doors, drive, has_accident, color, mileage, month, year, seats, state, transmission, upholstery, maker_id, model_id) values ('96ea6f9d-1010-4095-aeec-6bfc3d56ba48', 'MINIVAN', 4, 'FOUR_WHEEL_DRIVE', 0, 'DARK_BROWN', 29522, 5, 1980, 11, 'NEW', 'SEMI_AUTOMATIC', 'OTHER', 105, 1693);
insert into auto_vehicles (id, body_style, doors, drive, has_accident, color, mileage, month, year, seats, state, transmission, upholstery, maker_id, model_id) values ('2a29a821-1eb2-4d8d-82a8-5f94d33e2ac6', 'LUXURY', 3, 'FOUR_WHEEL_DRIVE', 0, 'GOLD', 250319, 5, 1944, 10, 'NEW', 'SEMI_AUTOMATIC', 'OTHER', 12, 244);
insert into auto_vehicles (id, body_style, doors, drive, has_accident, color, mileage, month, year, seats, state, transmission, upholstery, maker_id, model_id) values ('e9dc590e-2031-4e60-ab0b-d736928c7e3a', 'LUXURY', 2, 'REAR_WHEEL_DRIVE', 0, 'DARK_BROWN', 112529, 1, 1996, 12, 'USED', 'SEMI_AUTOMATIC', 'VELOUR', 65, 949);
insert into auto_vehicles (id, body_style, doors, drive, has_accident, color, mileage, month, year, seats, state, transmission, upholstery, maker_id, model_id) values ('cf84bab8-9fe4-4005-bb4c-ba4794e11cbe', 'SEDAN', 6, 'REAR_WHEEL_DRIVE', 0, 'LIGHT_BLUE', 169571, 8, 2013, 1, 'ACCIDENT', 'AUTOMATIC', 'OTHER', 131, 1994);
insert into auto_vehicles (id, body_style, doors, drive, has_accident, color, mileage, month, year, seats, state, transmission, upholstery, maker_id, model_id) values ('1382f1db-14f4-4c53-b9de-4fe1fae92830', 'TRUCK', 5, 'REAR_WHEEL_DRIVE', 0, 'WHITE', 271014, 2, 1945, 8, 'ACCIDENT', 'MANUAL', 'PART_LEATHER', 45, 674);
insert into auto_vehicles (id, body_style, doors, drive, has_accident, color, mileage, month, year, seats, state, transmission, upholstery, maker_id, model_id) values ('f646195f-c425-4757-bb64-18f4eb1218e7', 'PICKUP', 4, 'FOUR_WHEEL_DRIVE', 0, 'GRAY', 205526, 6, 1994, 5, 'ACCIDENT', 'AUTOMATIC', 'PART_LEATHER', 8, 81);
insert into auto_vehicles (id, body_style, doors, drive, has_accident, color, mileage, month, year, seats, state, transmission, upholstery, maker_id, model_id) values ('3693525f-d12a-4f68-9ae2-b112c6d76242', 'WAGON', 6, 'FRONT_WHEEL_DRIVE', 0, 'DARK_BLUE', 104320, 4, 1937, 7, 'USED', 'SEMI_AUTOMATIC', 'FULL_LEATHER', 25, 412);
insert into auto_vehicles (id, body_style, doors, drive, has_accident, color, mileage, month, year, seats, state, transmission, upholstery, maker_id, model_id) values ('ff9e8f7b-1234-49a5-b0b5-63d5909370dc', 'CONVERTIBLE', 6, 'ALL_WHEEL_DRIVE', 0, 'BLACK', 141919, 4, 1991, 6, 'USED', 'MANUAL', 'CLOTH', 109, 1733);
insert into auto_vehicles (id, body_style, doors, drive, has_accident, color, mileage, month, year, seats, state, transmission, upholstery, maker_id, model_id) values ('e2d80e3b-3d9f-4b5a-b939-34fffe308b88', 'CPO', 4, 'REAR_WHEEL_DRIVE', 0, 'DARK_BROWN', 65353, 10, 1980, 9, 'USED', 'SEMI_AUTOMATIC', 'FULL_LEATHER', 62, 921);
insert into auto_vehicles (id, body_style, doors, drive, has_accident, color, mileage, month, year, seats, state, transmission, upholstery, maker_id, model_id) values ('6ff22292-9170-409f-a3b0-21b2db84c6d3', 'LUXURY', 4, 'ALL_WHEEL_DRIVE', 0, 'SILVER', 50571, 1, 2004, 3, 'NEW', 'SEMI_AUTOMATIC', 'OTHER', 18, 274);
insert into auto_vehicles (id, body_style, doors, drive, has_accident, color, mileage, month, year, seats, state, transmission, upholstery, maker_id, model_id) values ('4d7a78ab-0745-4dda-a0a1-e94184697e27', 'SUV', 5, 'REAR_WHEEL_DRIVE', 0, 'WHITE', 95169, 8, 2009, 12, 'NEW', 'MANUAL', 'OTHER', 118, 1811);
insert into auto_vehicles (id, body_style, doors, drive, has_accident, color, mileage, month, year, seats, state, transmission, upholstery, maker_id, model_id) values ('5f9a7391-80cb-4175-ab21-e5358192676a', 'SEDAN', 2, 'ALL_WHEEL_DRIVE', 0, 'ORANGE', 71330, 11, 1946, 11, 'USED', 'SEMI_AUTOMATIC', 'OTHER', 48, 728);
insert into auto_vehicles (id, body_style, doors, drive, has_accident, color, mileage, month, year, seats, state, transmission, upholstery, maker_id, model_id) values ('4c95690d-8ecb-42a5-97b2-09726ae34a68', 'CONVERTIBLE', 5, 'FOUR_WHEEL_DRIVE', 0, 'CREAM', 242237, 2, 1964, 4, 'ACCIDENT', 'AUTOMATIC', 'PART_LEATHER', 115, 1804);
insert into auto_vehicles (id, body_style, doors, drive, has_accident, color, mileage, month, year, seats, state, transmission, upholstery, maker_id, model_id) values ('a45d4709-b09b-43d3-b581-31963e2d0143', 'COUPE', 5, 'FOUR_WHEEL_DRIVE', 0, 'GOLD', 248980, 2, 2000, 2, 'NEW', 'MANUAL', 'VELOUR', 102, 1668);
insert into auto_vehicles (id, body_style, doors, drive, has_accident, color, mileage, month, year, seats, state, transmission, upholstery, maker_id, model_id) values ('15db047d-29c2-455e-a41d-0820418c716f', 'COUPE', 3, 'REAR_WHEEL_DRIVE', 0, 'GOLD', 223413, 10, 1954, 8, 'ACCIDENT', 'SEMI_AUTOMATIC', 'FULL_LEATHER', 29, 468);
insert into auto_vehicles (id, body_style, doors, drive, has_accident, color, mileage, month, year, seats, state, transmission, upholstery, maker_id, model_id) values ('01d2dfab-1f6a-4c76-a278-6e03fa43fcc1', 'WAGON', 5, 'ALL_WHEEL_DRIVE', 0, 'LIGHT_BROWN', 271585, 3, 2002, 2, 'NEW', 'SEMI_AUTOMATIC', 'CLOTH', 33, 495);
insert into auto_vehicles (id, body_style, doors, drive, has_accident, color, mileage, month, year, seats, state, transmission, upholstery, maker_id, model_id) values ('1332fd01-b310-4deb-95e9-710baf463c0b', 'SUV', 7, 'FOUR_WHEEL_DRIVE', 0, 'LIGHT_BLUE', 128205, 3, 1975, 2, 'USED', 'SEMI_AUTOMATIC', 'FULL_LEATHER', 44, 666);
insert into auto_vehicles (id, body_style, doors, drive, has_accident, color, mileage, month, year, seats, state, transmission, upholstery, maker_id, model_id) values ('791318ac-ba2f-42e4-b963-c9834a7b5e86', 'MINIVAN', 6, 'FRONT_WHEEL_DRIVE', 0, 'DARK_RED', 183113, 1, 1949, 12, 'ACCIDENT', 'SEMI_AUTOMATIC', 'PART_LEATHER', 59, 884);
insert into auto_vehicles (id, body_style, doors, drive, has_accident, color, mileage, month, year, seats, state, transmission, upholstery, maker_id, model_id) values ('a4d8b217-acdd-4032-a46c-03205e26e32b', 'LUXURY', 5, 'ALL_WHEEL_DRIVE', 0, 'LIGHT_BROWN', 245817, 9, 2002, 10, 'NEW', 'AUTOMATIC', 'OTHER', 38, 631);
insert into auto_vehicles (id, body_style, doors, drive, has_accident, color, mileage, month, year, seats, state, transmission, upholstery, maker_id, model_id) values ('2b8e3336-cdca-4ce8-a0f5-6aa53934a3d0', 'CONVERTIBLE', 2, 'REAR_WHEEL_DRIVE', 0, 'ORANGE', 253883, 6, 1954, 1, 'ACCIDENT', 'AUTOMATIC', 'CLOTH', 109, 1733);
insert into auto_vehicles (id, body_style, doors, drive, has_accident, color, mileage, month, year, seats, state, transmission, upholstery, maker_id, model_id) values ('3e06762c-e6b5-44fc-bf75-271f28b17915', 'PICKUP', 7, 'FRONT_WHEEL_DRIVE', 0, 'CREAM', 89867, 3, 2003, 9, 'ACCIDENT', 'AUTOMATIC', 'OTHER', 97, 1654);
insert into auto_vehicles (id, body_style, doors, drive, has_accident, color, mileage, month, year, seats, state, transmission, upholstery, maker_id, model_id) values ('cf4d6bd3-5bb9-44c6-8744-db0505aad462', 'COUPE', 4, 'REAR_WHEEL_DRIVE', 0, 'DARK_BLUE', 65859, 6, 1971, 12, 'NEW', 'MANUAL', 'VELOUR', 9, 130);
insert into auto_vehicles (id, body_style, doors, drive, has_accident, color, mileage, month, year, seats, state, transmission, upholstery, maker_id, model_id) values ('0c4b81b2-c9c3-41da-803c-d688bfa4e4bb', 'COUPE', 3, 'FRONT_WHEEL_DRIVE', 0, 'DARK_BROWN', 34201, 8, 1975, 6, 'USED', 'MANUAL', 'PART_LEATHER', 27, 459);
insert into auto_vehicles (id, body_style, doors, drive, has_accident, color, mileage, month, year, seats, state, transmission, upholstery, maker_id, model_id) values ('6b2a1916-d934-4d91-a617-74a8bd69dde8', 'WAGON', 7, 'ALL_WHEEL_DRIVE', 0, 'DARK_RED', 106919, 10, 1966, 1, 'ACCIDENT', 'AUTOMATIC', 'PART_LEATHER', 110, 1742);
insert into auto_vehicles (id, body_style, doors, drive, has_accident, color, mileage, month, year, seats, state, transmission, upholstery, maker_id, model_id) values ('3d8f7164-6f84-41f7-85a6-4b01e7a1ed31', 'VAN', 3, 'FOUR_WHEEL_DRIVE', 0, 'SILVER', 104823, 8, 1986, 9, 'NEW', 'SEMI_AUTOMATIC', 'FULL_LEATHER', 111, 1760);
insert into auto_vehicles (id, body_style, doors, drive, has_accident, color, mileage, month, year, seats, state, transmission, upholstery, maker_id, model_id) values ('d0e92f32-47fd-4894-b447-002776840d21', 'MINIVAN', 3, 'REAR_WHEEL_DRIVE', 0, 'DARK_BROWN', 228916, 6, 2010, 10, 'USED', 'MANUAL', 'CLOTH', 110, 1737);
insert into auto_vehicles (id, body_style, doors, drive, has_accident, color, mileage, month, year, seats, state, transmission, upholstery, maker_id, model_id) values ('d0af2b56-ceae-47ba-a857-534ebfe1a389', 'CPO', 5, 'FRONT_WHEEL_DRIVE', 0, 'CREAM', 235729, 3, 1984, 1, 'ACCIDENT', 'SEMI_AUTOMATIC', 'FULL_LEATHER', 11, 236);
insert into auto_vehicles (id, body_style, doors, drive, has_accident, color, mileage, month, year, seats, state, transmission, upholstery, maker_id, model_id) values ('3f30fe01-2549-49d1-afea-271ef043a7f6', 'COUPE', 6, 'ALL_WHEEL_DRIVE', 0, 'SILVER', 65295, 11, 1987, 3, 'NEW', 'MANUAL', 'VELOUR', 40, 638);
insert into auto_vehicles (id, body_style, doors, drive, has_accident, color, mileage, month, year, seats, state, transmission, upholstery, maker_id, model_id) values ('6b8630e0-442a-44a0-8df2-66e1f7a1faf4', 'MPV', 5, 'FRONT_WHEEL_DRIVE', 0, 'DARK_BLUE', 132907, 6, 1999, 10, 'NEW', 'MANUAL', 'PART_LEATHER', 8, 115);
insert into auto_vehicles (id, body_style, doors, drive, has_accident, color, mileage, month, year, seats, state, transmission, upholstery, maker_id, model_id) values ('371346cb-10a3-4b97-92b0-9902a4b7c51b', 'HYBRID', 4, 'REAR_WHEEL_DRIVE', 0, 'LIGHT_BROWN', 135167, 5, 1936, 4, 'USED', 'AUTOMATIC', 'CLOTH', 135, 2011);
insert into auto_vehicles (id, body_style, doors, drive, has_accident, color, mileage, month, year, seats, state, transmission, upholstery, maker_id, model_id) values ('02e11a66-69f8-4399-a160-61409e2d71a1', 'CPO', 4, 'FRONT_WHEEL_DRIVE', 0, 'GRAY', 138292, 12, 1975, 1, 'NEW', 'MANUAL', 'PART_LEATHER', 61, 905);
insert into auto_vehicles (id, body_style, doors, drive, has_accident, color, mileage, month, year, seats, state, transmission, upholstery, maker_id, model_id) values ('b3915527-1b41-4bb2-bb20-b8b3e0b433f2', 'WAGON', 2, 'FOUR_WHEEL_DRIVE', 0, 'DARK_BLUE', 198568, 9, 1940, 12, 'NEW', 'SEMI_AUTOMATIC', 'PART_LEATHER', 41, 641);
insert into auto_vehicles (id, body_style, doors, drive, has_accident, color, mileage, month, year, seats, state, transmission, upholstery, maker_id, model_id) values ('4d36ebd6-95f2-47ac-bc46-0ea07e00c751', 'MINIVAN', 6, 'FRONT_WHEEL_DRIVE', 0, 'DARK_BROWN', 35881, 11, 1979, 5, 'ACCIDENT', 'SEMI_AUTOMATIC', 'VELOUR', 59, 884);
insert into auto_vehicles (id, body_style, doors, drive, has_accident, color, mileage, month, year, seats, state, transmission, upholstery, maker_id, model_id) values ('d9342ea8-aafc-4de2-ba43-b3b9b31a08ce', 'SEDAN', 6, 'ALL_WHEEL_DRIVE', 0, 'SILVER', 79830, 6, 1988, 6, 'NEW', 'AUTOMATIC', 'CLOTH', 71, 989);
insert into auto_vehicles (id, body_style, doors, drive, has_accident, color, mileage, month, year, seats, state, transmission, upholstery, maker_id, model_id) values ('4b727492-4651-44af-bc94-e239f8b4e236', 'WAGON', 5, 'ALL_WHEEL_DRIVE', 0, 'SILVER', 71892, 5, 1998, 5, 'NEW', 'SEMI_AUTOMATIC', 'OTHER', 11, 238);
insert into auto_vehicles (id, body_style, doors, drive, has_accident, color, mileage, month, year, seats, state, transmission, upholstery, maker_id, model_id) values ('4a7d0c17-64b6-4d87-a7b3-cb9f52597e4b', 'SEDAN', 5, 'FRONT_WHEEL_DRIVE', 0, 'DARK_BLUE', 225223, 11, 1971, 2, 'ACCIDENT', 'MANUAL', 'FULL_LEATHER', 19, 292);
insert into auto_vehicles (id, body_style, doors, drive, has_accident, color, mileage, month, year, seats, state, transmission, upholstery, maker_id, model_id) values ('6b259f92-8d52-4929-9559-bd9d30573468', 'SEDAN', 4, 'FRONT_WHEEL_DRIVE', 0, 'DARK_RED', 261697, 4, 1989, 5, 'USED', 'SEMI_AUTOMATIC', 'CLOTH', 108, 1728);
insert into auto_vehicles (id, body_style, doors, drive, has_accident, color, mileage, month, year, seats, state, transmission, upholstery, maker_id, model_id) values ('003093e7-bdc0-45bf-ab98-04b315b0106b', 'SUV', 5, 'FRONT_WHEEL_DRIVE', 0, 'SILVER', 65660, 3, 1990, 5, 'NEW', 'MANUAL', 'OTHER', 85, 1457);
insert into auto_vehicles (id, body_style, doors, drive, has_accident, color, mileage, month, year, seats, state, transmission, upholstery, maker_id, model_id) values ('23624411-9acb-45f7-a8d1-bfe7af888fca', 'OTHER', 7, 'FOUR_WHEEL_DRIVE', 0, 'WHITE', 33597, 5, 1989, 10, 'ACCIDENT', 'AUTOMATIC', 'CLOTH', 126, 1912);
insert into auto_vehicles (id, body_style, doors, drive, has_accident, color, mileage, month, year, seats, state, transmission, upholstery, maker_id, model_id) values ('e3b0cc7c-e37a-4740-b6cd-8b77fe01ca53', 'HATCHBACK', 7, 'FOUR_WHEEL_DRIVE', 0, 'DARK_RED', 83150, 4, 1974, 10, 'NEW', 'AUTOMATIC', 'CLOTH', 133, 2003);
insert into auto_vehicles (id, body_style, doors, drive, has_accident, color, mileage, month, year, seats, state, transmission, upholstery, maker_id, model_id) values ('25116eaa-4244-42e9-90dc-07265cb48581', 'SUV', 7, 'ALL_WHEEL_DRIVE', 0, 'CREAM', 59045, 2, 1987, 1, 'USED', 'SEMI_AUTOMATIC', 'VELOUR', 11, 235);
insert into auto_vehicles (id, body_style, doors, drive, has_accident, color, mileage, month, year, seats, state, transmission, upholstery, maker_id, model_id) values ('321aecbf-ca3e-4fa1-9b8a-0282a68a7096', 'MINIVAN', 7, 'REAR_WHEEL_DRIVE', 0, 'BLACK', 230088, 6, 1952, 9, 'USED', 'MANUAL', 'VELOUR', 67, 965);
insert into auto_vehicles (id, body_style, doors, drive, has_accident, color, mileage, month, year, seats, state, transmission, upholstery, maker_id, model_id) values ('075df99f-76ea-499a-b065-2bbea11f7440', 'HYBRID', 7, 'FRONT_WHEEL_DRIVE', 0, 'CREAM', 41591, 1, 1939, 5, 'NEW', 'AUTOMATIC', 'PART_LEATHER', 120, 1820);
insert into auto_vehicles (id, body_style, doors, drive, has_accident, color, mileage, month, year, seats, state, transmission, upholstery, maker_id, model_id) values ('c7b12f63-0710-401f-b684-63fb7353863d', 'WAGON', 7, 'FOUR_WHEEL_DRIVE', 0, 'DARK_RED', 41654, 11, 1968, 9, 'ACCIDENT', 'SEMI_AUTOMATIC', 'OTHER', 94, 1615);
insert into auto_vehicles (id, body_style, doors, drive, has_accident, color, mileage, month, year, seats, state, transmission, upholstery, maker_id, model_id) values ('f7a02b1c-daba-4f5c-890b-1e43d2b496fe', 'HATCHBACK', 3, 'FOUR_WHEEL_DRIVE', 0, 'GOLD', 97904, 7, 1978, 12, 'USED', 'MANUAL', 'OTHER', 3, 35);
insert into auto_vehicles (id, body_style, doors, drive, has_accident, color, mileage, month, year, seats, state, transmission, upholstery, maker_id, model_id) values ('023aad33-6e3a-417f-ab0e-14d819e191b7', 'MPV', 6, 'FOUR_WHEEL_DRIVE', 0, 'LIGHT_BROWN', 208486, 7, 2006, 7, 'ACCIDENT', 'MANUAL', 'FULL_LEATHER', 93, 1602);
insert into auto_vehicles (id, body_style, doors, drive, has_accident, color, mileage, month, year, seats, state, transmission, upholstery, maker_id, model_id) values ('ab688599-3143-4927-9c11-27740c4adf1c', 'VAN', 4, 'FOUR_WHEEL_DRIVE', 0, 'SILVER', 119816, 3, 1995, 11, 'ACCIDENT', 'SEMI_AUTOMATIC', 'FULL_LEATHER', 27, 460);
insert into auto_vehicles (id, body_style, doors, drive, has_accident, color, mileage, month, year, seats, state, transmission, upholstery, maker_id, model_id) values ('19f30e96-4bb2-41b0-bd9e-b72e37c87025', 'HYBRID', 7, 'ALL_WHEEL_DRIVE', 0, 'DARK_BLUE', 14570, 1, 1956, 5, 'ACCIDENT', 'AUTOMATIC', 'OTHER', 5, 65);
insert into auto_vehicles (id, body_style, doors, drive, has_accident, color, mileage, month, year, seats, state, transmission, upholstery, maker_id, model_id) values ('006dd757-59a1-4602-883c-d443b9da3076', 'PICKUP', 4, 'REAR_WHEEL_DRIVE', 0, 'LIGHT_BROWN', 96705, 8, 1989, 2, 'NEW', 'SEMI_AUTOMATIC', 'PART_LEATHER', 68, 971);
insert into auto_vehicles (id, body_style, doors, drive, has_accident, color, mileage, month, year, seats, state, transmission, upholstery, maker_id, model_id) values ('9ec54ece-2757-4f85-9d4b-2f2be8657ee7', 'CPO', 7, 'FRONT_WHEEL_DRIVE', 0, 'GRAY', 216937, 6, 1943, 5, 'USED', 'AUTOMATIC', 'CLOTH', 39, 635);
insert into auto_vehicles (id, body_style, doors, drive, has_accident, color, mileage, month, year, seats, state, transmission, upholstery, maker_id, model_id) values ('aab9065d-b56f-429c-8b9c-e07eaa3f57ca', 'CROSSOVER', 7, 'REAR_WHEEL_DRIVE', 0, 'DARK_BROWN', 63736, 8, 1976, 8, 'NEW', 'AUTOMATIC', 'PART_LEATHER', 35, 500);
insert into auto_vehicles (id, body_style, doors, drive, has_accident, color, mileage, month, year, seats, state, transmission, upholstery, maker_id, model_id) values ('f7662671-d632-407b-9a34-4db0b753c2d7', 'SUV', 7, 'REAR_WHEEL_DRIVE', 0, 'GOLD', 193566, 10, 1936, 7, 'USED', 'MANUAL', 'FULL_LEATHER', 51, 774);
insert into auto_vehicles (id, body_style, doors, drive, has_accident, color, mileage, month, year, seats, state, transmission, upholstery, maker_id, model_id) values ('f45d253f-8d52-4bea-8518-906cb7cf5094', 'OTHER', 3, 'REAR_WHEEL_DRIVE', 0, 'BLACK', 166471, 11, 1988, 1, 'NEW', 'AUTOMATIC', 'VELOUR', 81, 1347);
insert into auto_vehicles (id, body_style, doors, drive, has_accident, color, mileage, month, year, seats, state, transmission, upholstery, maker_id, model_id) values ('6b42b85e-e901-4f8b-b64d-ddf9ddcce3df', 'HATCHBACK', 3, 'ALL_WHEEL_DRIVE', 0, 'DARK_BLUE', 188553, 5, 1984, 9, 'NEW', 'MANUAL', 'CLOTH', 93, 1605);
insert into auto_vehicles (id, body_style, doors, drive, has_accident, color, mileage, month, year, seats, state, transmission, upholstery, maker_id, model_id) values ('18e4b04b-1976-4ae8-b444-fb09675a3c78', 'SPORT', 5, 'FOUR_WHEEL_DRIVE', 0, 'ORANGE', 30414, 9, 2001, 4, 'USED', 'MANUAL', 'PART_LEATHER', 128, 1942);
insert into auto_vehicles (id, body_style, doors, drive, has_accident, color, mileage, month, year, seats, state, transmission, upholstery, maker_id, model_id) values ('a8a55aad-7e4b-4230-8e1e-53ac7687a68a', 'CONVERTIBLE', 6, 'ALL_WHEEL_DRIVE', 0, 'RED', 45457, 3, 2015, 9, 'ACCIDENT', 'SEMI_AUTOMATIC', 'PART_LEATHER', 47, 707);
insert into auto_vehicles (id, body_style, doors, drive, has_accident, color, mileage, month, year, seats, state, transmission, upholstery, maker_id, model_id) values ('3fd88161-1865-41f8-8c03-52297a597ba5', 'SPORT', 7, 'REAR_WHEEL_DRIVE', 0, 'SILVER', 240064, 9, 1971, 3, 'ACCIDENT', 'SEMI_AUTOMATIC', 'FULL_LEATHER', 77, 1295);
insert into auto_vehicles (id, body_style, doors, drive, has_accident, color, mileage, month, year, seats, state, transmission, upholstery, maker_id, model_id) values ('62ca8adc-e244-4849-afc0-c6cc6406880e', 'PICKUP', 6, 'FOUR_WHEEL_DRIVE', 0, 'ORANGE', 293709, 1, 1991, 2, 'NEW', 'AUTOMATIC', 'FULL_LEATHER', 121, 1833);
insert into auto_vehicles (id, body_style, doors, drive, has_accident, color, mileage, month, year, seats, state, transmission, upholstery, maker_id, model_id) values ('569c22fe-99fc-43c2-b690-4f0d2fa0705b', 'MPV', 7, 'FOUR_WHEEL_DRIVE', 0, 'LIGHT_BLUE', 245386, 6, 1990, 6, 'ACCIDENT', 'AUTOMATIC', 'CLOTH', 45, 668);
insert into auto_vehicles (id, body_style, doors, drive, has_accident, color, mileage, month, year, seats, state, transmission, upholstery, maker_id, model_id) values ('d632349f-8c52-473c-8b82-66c060558225', 'CONVERTIBLE', 7, 'ALL_WHEEL_DRIVE', 0, 'LIGHT_BROWN', 204933, 2, 1994, 6, 'ACCIDENT', 'MANUAL', 'PART_LEATHER', 80, 1334);
insert into auto_vehicles (id, body_style, doors, drive, has_accident, color, mileage, month, year, seats, state, transmission, upholstery, maker_id, model_id) values ('ddb5175c-996b-4c0c-bce9-99b8d0410716', 'WAGON', 2, 'ALL_WHEEL_DRIVE', 0, 'GOLD', 210561, 9, 1974, 10, 'ACCIDENT', 'AUTOMATIC', 'VELOUR', 91, 1550);
insert into auto_vehicles (id, body_style, doors, drive, has_accident, color, mileage, month, year, seats, state, transmission, upholstery, maker_id, model_id) values ('8a61eb46-7d84-4faa-8cef-c42b7039adcf', 'CPO', 4, 'FRONT_WHEEL_DRIVE', 0, 'RED', 36645, 2, 1978, 6, 'ACCIDENT', 'MANUAL', 'OTHER', 33, 496);
insert into auto_vehicles (id, body_style, doors, drive, has_accident, color, mileage, month, year, seats, state, transmission, upholstery, maker_id, model_id) values ('8e46a12d-1387-49ff-a748-2a8e8e265cd8', 'TRUCK', 5, 'ALL_WHEEL_DRIVE', 0, 'BLACK', 168347, 9, 1993, 8, 'USED', 'MANUAL', 'CLOTH', 101, 1666);
insert into auto_vehicles (id, body_style, doors, drive, has_accident, color, mileage, month, year, seats, state, transmission, upholstery, maker_id, model_id) values ('7bf71f86-9dfc-4d23-85dc-10a27191e446', 'VAN', 4, 'ALL_WHEEL_DRIVE', 0, 'LIGHT_BROWN', 296927, 11, 2015, 9, 'USED', 'MANUAL', 'CLOTH', 55, 808);
insert into auto_vehicles (id, body_style, doors, drive, has_accident, color, mileage, month, year, seats, state, transmission, upholstery, maker_id, model_id) values ('36e5374b-ce9e-479a-a434-4a47030abd93', 'SEDAN', 3, 'ALL_WHEEL_DRIVE', 0, 'ORANGE', 47475, 1, 1941, 9, 'ACCIDENT', 'AUTOMATIC', 'FULL_LEATHER', 120, 1819);
insert into auto_vehicles (id, body_style, doors, drive, has_accident, color, mileage, month, year, seats, state, transmission, upholstery, maker_id, model_id) values ('de59693e-6639-46fb-989d-b47eb75b5a5b', 'PICKUP', 7, 'FOUR_WHEEL_DRIVE', 0, 'DARK_BROWN', 114886, 3, 1975, 8, 'USED', 'MANUAL', 'PART_LEATHER', 110, 1742);
insert into auto_vehicles (id, body_style, doors, drive, has_accident, color, mileage, month, year, seats, state, transmission, upholstery, maker_id, model_id) values ('a85927fc-de69-44b9-9e03-a68ed89d29ac', 'COUPE', 3, 'ALL_WHEEL_DRIVE', 0, 'GOLD', 221226, 8, 1998, 1, 'NEW', 'SEMI_AUTOMATIC', 'FULL_LEATHER', 43, 665);
insert into auto_vehicles (id, body_style, doors, drive, has_accident, color, mileage, month, year, seats, state, transmission, upholstery, maker_id, model_id) values ('f052616d-def3-4366-8382-6cedf370373a', 'VAN', 7, 'FRONT_WHEEL_DRIVE', 0, 'WHITE', 224887, 12, 1948, 4, 'NEW', 'AUTOMATIC', 'CLOTH', 32, 492);
insert into auto_vehicles (id, body_style, doors, drive, has_accident, color, mileage, month, year, seats, state, transmission, upholstery, maker_id, model_id) values ('4f8ee684-c712-4e5a-b6b9-2b12c8faf2b9', 'COUPE', 4, 'ALL_WHEEL_DRIVE', 0, 'SILVER', 219983, 6, 1986, 3, 'NEW', 'SEMI_AUTOMATIC', 'OTHER', 28, 466);
insert into auto_vehicles (id, body_style, doors, drive, has_accident, color, mileage, month, year, seats, state, transmission, upholstery, maker_id, model_id) values ('17f0b4e3-523b-46d6-99bc-27f8f3f47673', 'MINIVAN', 3, 'FRONT_WHEEL_DRIVE', 0, 'ORANGE', 144446, 8, 1944, 4, 'ACCIDENT', 'AUTOMATIC', 'FULL_LEATHER', 117, 1809);
insert into auto_vehicles (id, body_style, doors, drive, has_accident, color, mileage, month, year, seats, state, transmission, upholstery, maker_id, model_id) values ('7bff4349-dc2b-4039-b8f9-b1628095ec72', 'PICKUP', 3, 'FRONT_WHEEL_DRIVE', 0, 'LIGHT_BLUE', 282502, 6, 1934, 2, 'USED', 'AUTOMATIC', 'CLOTH', 50, 762);
insert into auto_vehicles (id, body_style, doors, drive, has_accident, color, mileage, month, year, seats, state, transmission, upholstery, maker_id, model_id) values ('03b91ba4-63af-42cc-bc4b-11beaa6b24a8', 'PICKUP', 3, 'FRONT_WHEEL_DRIVE', 0, 'RED', 220431, 8, 1951, 1, 'ACCIDENT', 'MANUAL', 'OTHER', 123, 1869);
insert into auto_vehicles (id, body_style, doors, drive, has_accident, color, mileage, month, year, seats, state, transmission, upholstery, maker_id, model_id) values ('94b4bc45-5751-4f59-a17b-23993c110260', 'LUXURY', 7, 'FRONT_WHEEL_DRIVE', 0, 'SILVER', 245277, 9, 1970, 8, 'USED', 'MANUAL', 'CLOTH', 22, 399);
insert into auto_vehicles (id, body_style, doors, drive, has_accident, color, mileage, month, year, seats, state, transmission, upholstery, maker_id, model_id) values ('f3f49485-c2f4-41a8-805f-14b5f59ad1d6', 'COUPE', 6, 'FRONT_WHEEL_DRIVE', 0, 'CREAM', 292136, 6, 1965, 3, 'ACCIDENT', 'AUTOMATIC', 'CLOTH', 69, 983);
insert into auto_vehicles (id, body_style, doors, drive, has_accident, color, mileage, month, year, seats, state, transmission, upholstery, maker_id, model_id) values ('a5a66d9e-e1e0-4b10-aa42-e73a64d7f62d', 'COUPE', 5, 'ALL_WHEEL_DRIVE', 0, 'DARK_BLUE', 271528, 11, 1946, 2, 'ACCIDENT', 'SEMI_AUTOMATIC', 'VELOUR', 86, 1465);
insert into auto_vehicles (id, body_style, doors, drive, has_accident, color, mileage, month, year, seats, state, transmission, upholstery, maker_id, model_id) values ('43028f44-eb5c-4f6c-9a71-d498728af2de', 'PICKUP', 2, 'FOUR_WHEEL_DRIVE', 0, 'LIGHT_BLUE', 103460, 2, 2002, 6, 'NEW', 'SEMI_AUTOMATIC', 'OTHER', 89, 1521);
insert into auto_vehicle_feature (vehicle_id, feature) values ('53a4ba76-9cda-44a1-8d17-10702b1d405a', 'RADIO');
insert into auto_vehicle_feature (vehicle_id, feature) values ('53a4ba76-9cda-44a1-8d17-10702b1d405a', 'ROOF_RACK');
insert into auto_vehicle_feature (vehicle_id, feature) values ('53a4ba76-9cda-44a1-8d17-10702b1d405a', 'PANORAMA_ROOF');
insert into auto_vehicle_feature (vehicle_id, feature) values ('53a4ba76-9cda-44a1-8d17-10702b1d405a', 'PARKING_ASSIST_SYSTEM_SELF_STEERING');
insert into auto_vehicle_feature (vehicle_id, feature) values ('53a4ba76-9cda-44a1-8d17-10702b1d405a', 'RAIN_SENSOR');
insert into auto_vehicle_feature (vehicle_id, feature) values ('53a4ba76-9cda-44a1-8d17-10702b1d405a', 'TELEVISION');
insert into auto_vehicle_feature (vehicle_id, feature) values ('53a4ba76-9cda-44a1-8d17-10702b1d405a', 'DRIVER_SIDE_AIRBAG');
insert into auto_vehicle_feature (vehicle_id, feature) values ('53a4ba76-9cda-44a1-8d17-10702b1d405a', 'TRAILER_HITCH');
insert into auto_vehicle_feature (vehicle_id, feature) values ('53a4ba76-9cda-44a1-8d17-10702b1d405a', 'AIR_SUSPENSION');
insert into auto_vehicle_feature (vehicle_id, feature) values ('f18d602b-e1a5-48d0-a68f-92ebbc397a00', 'PANORAMA_ROOF');
insert into auto_vehicle_feature (vehicle_id, feature) values ('f18d602b-e1a5-48d0-a68f-92ebbc397a00', 'DRIVER_DROWSINESS_DETECTION');
insert into auto_vehicle_feature (vehicle_id, feature) values ('f18d602b-e1a5-48d0-a68f-92ebbc397a00', 'VOICE_CONTROL');
insert into auto_vehicle_feature (vehicle_id, feature) values ('f18d602b-e1a5-48d0-a68f-92ebbc397a00', 'MULTI_FUNCTION_STEERING_WHEEL');
insert into auto_vehicle_feature (vehicle_id, feature) values ('f18d602b-e1a5-48d0-a68f-92ebbc397a00', 'SEAT_VENTILATION');
insert into auto_vehicle_feature (vehicle_id, feature) values ('f18d602b-e1a5-48d0-a68f-92ebbc397a00', 'MASSAGE_SEATS');
insert into auto_vehicle_feature (vehicle_id, feature) values ('f18d602b-e1a5-48d0-a68f-92ebbc397a00', 'ALARM_SYSTEM');
insert into auto_vehicle_feature (vehicle_id, feature) values ('05cb0dce-a3dc-4118-b074-31e1c988d8ec', 'ADAPTIVE_CRUISE_CONTROL');
insert into auto_vehicle_feature (vehicle_id, feature) values ('05cb0dce-a3dc-4118-b074-31e1c988d8ec', 'ELECTRICALLY_HEATED_WINDSHIELD');
insert into auto_vehicle_feature (vehicle_id, feature) values ('05cb0dce-a3dc-4118-b074-31e1c988d8ec', 'IMMOBILIZER');
insert into auto_vehicle_feature (vehicle_id, feature) values ('05cb0dce-a3dc-4118-b074-31e1c988d8ec', 'TRACTION_CONTROL');
insert into auto_vehicle_feature (vehicle_id, feature) values ('05cb0dce-a3dc-4118-b074-31e1c988d8ec', 'PANORAMA_ROOF');
insert into auto_vehicle_feature (vehicle_id, feature) values ('05cb0dce-a3dc-4118-b074-31e1c988d8ec', 'AUXILIARY_HEATING');
insert into auto_vehicle_feature (vehicle_id, feature) values ('05cb0dce-a3dc-4118-b074-31e1c988d8ec', 'SOUND_SYSTEM');
insert into auto_vehicle_feature (vehicle_id, feature) values ('05cb0dce-a3dc-4118-b074-31e1c988d8ec', 'ELECTRICALLY_ADJUSTABLE_SEATS');
insert into auto_vehicle_feature (vehicle_id, feature) values ('05cb0dce-a3dc-4118-b074-31e1c988d8ec', 'GUARANTEE');
insert into auto_vehicle_feature (vehicle_id, feature) values ('05cb0dce-a3dc-4118-b074-31e1c988d8ec', 'ROOF_RACK');
insert into auto_vehicle_feature (vehicle_id, feature) values ('b7cb4a98-360d-4c36-8f33-3ad04e20c07b', 'BLUETOOTH');
insert into auto_vehicle_feature (vehicle_id, feature) values ('b7cb4a98-360d-4c36-8f33-3ad04e20c07b', 'ELECTRICAL_SIDE_MIRRORS');
insert into auto_vehicle_feature (vehicle_id, feature) values ('b7cb4a98-360d-4c36-8f33-3ad04e20c07b', 'NIGHT_VIEW_ASSIST');
insert into auto_vehicle_feature (vehicle_id, feature) values ('b7cb4a98-360d-4c36-8f33-3ad04e20c07b', 'DIGITAL_RADIO');
insert into auto_vehicle_feature (vehicle_id, feature) values ('b7cb4a98-360d-4c36-8f33-3ad04e20c07b', 'SEAT_HEATING');
insert into auto_vehicle_feature (vehicle_id, feature) values ('b7cb4a98-360d-4c36-8f33-3ad04e20c07b', 'METALLIC');
insert into auto_vehicle_feature (vehicle_id, feature) values ('b7cb4a98-360d-4c36-8f33-3ad04e20c07b', 'RADIO');
insert into auto_vehicle_feature (vehicle_id, feature) values ('f052ea83-f592-4bf8-9144-dbf2a9fe1e98', 'RADIO');
insert into auto_vehicle_feature (vehicle_id, feature) values ('f052ea83-f592-4bf8-9144-dbf2a9fe1e98', 'SPORT_SUSPENSION');
insert into auto_vehicle_feature (vehicle_id, feature) values ('f052ea83-f592-4bf8-9144-dbf2a9fe1e98', 'METALLIC');
insert into auto_vehicle_feature (vehicle_id, feature) values ('f052ea83-f592-4bf8-9144-dbf2a9fe1e98', 'GUARANTEE');
insert into auto_vehicle_feature (vehicle_id, feature) values ('f052ea83-f592-4bf8-9144-dbf2a9fe1e98', 'ELECTRIC_TAILGATE');
insert into auto_vehicle_feature (vehicle_id, feature) values ('f052ea83-f592-4bf8-9144-dbf2a9fe1e98', 'LUMBAR_SUPPORT');
insert into auto_vehicle_feature (vehicle_id, feature) values ('f052ea83-f592-4bf8-9144-dbf2a9fe1e98', 'PARTICULATE_FILTER');
insert into auto_vehicle_feature (vehicle_id, feature) values ('f052ea83-f592-4bf8-9144-dbf2a9fe1e98', 'ON_BOARD_COMPUTER');
insert into auto_vehicle_feature (vehicle_id, feature) values ('f052ea83-f592-4bf8-9144-dbf2a9fe1e98', 'RAIN_SENSOR');
insert into auto_vehicle_feature (vehicle_id, feature) values ('f052ea83-f592-4bf8-9144-dbf2a9fe1e98', 'SPORT_PACKAGE');
insert into auto_vehicle_feature (vehicle_id, feature) values ('f052ea83-f592-4bf8-9144-dbf2a9fe1e98', 'ALLOY_WHEELS');
insert into auto_vehicle_feature (vehicle_id, feature) values ('f052ea83-f592-4bf8-9144-dbf2a9fe1e98', 'HILL_HOLDER');
insert into auto_vehicle_feature (vehicle_id, feature) values ('f052ea83-f592-4bf8-9144-dbf2a9fe1e98', 'ADAPTIVE_CRUISE_CONTROL');
insert into auto_vehicle_feature (vehicle_id, feature) values ('f052ea83-f592-4bf8-9144-dbf2a9fe1e98', 'ROOF_RACK');
insert into auto_vehicle_feature (vehicle_id, feature) values ('7762a314-2d24-483e-9237-215cd61865c2', 'WITH_FULL_SERVICE_HISTORY');
insert into auto_vehicle_feature (vehicle_id, feature) values ('7762a314-2d24-483e-9237-215cd61865c2', 'PARKING_ASSIST_SYSTEM_SENSORS_REAR');
insert into auto_vehicle_feature (vehicle_id, feature) values ('7762a314-2d24-483e-9237-215cd61865c2', 'START_STOP_SYSTEM');
insert into auto_vehicle_feature (vehicle_id, feature) values ('7762a314-2d24-483e-9237-215cd61865c2', 'DIGITAL_RADIO');
insert into auto_vehicle_feature (vehicle_id, feature) values ('7762a314-2d24-483e-9237-215cd61865c2', 'LEATHER_STEERING_WHEEL');
insert into auto_vehicle_feature (vehicle_id, feature) values ('7762a314-2d24-483e-9237-215cd61865c2', 'HEADS_UP_DISPLAY');
insert into auto_vehicle_feature (vehicle_id, feature) values ('7762a314-2d24-483e-9237-215cd61865c2', 'PASSENGER_SIDE_AIRBAG');
insert into auto_vehicle_feature (vehicle_id, feature) values ('7762a314-2d24-483e-9237-215cd61865c2', 'LIGHT_SENSOR');
insert into auto_vehicle_feature (vehicle_id, feature) values ('7762a314-2d24-483e-9237-215cd61865c2', 'EMERGENCY_BRAKE_ASSISTANT');
insert into auto_vehicle_feature (vehicle_id, feature) values ('7762a314-2d24-483e-9237-215cd61865c2', 'VOICE_CONTROL');
insert into auto_vehicle_feature (vehicle_id, feature) values ('7762a314-2d24-483e-9237-215cd61865c2', 'AIR_CONDITIONING');
insert into auto_vehicle_feature (vehicle_id, feature) values ('23f07003-47e7-400f-9fc8-13b199eacb30', 'PARKING_ASSIST_SYSTEM_SENSORS_REAR');
insert into auto_vehicle_feature (vehicle_id, feature) values ('23f07003-47e7-400f-9fc8-13b199eacb30', 'LEATHER_STEERING_WHEEL');
insert into auto_vehicle_feature (vehicle_id, feature) values ('23f07003-47e7-400f-9fc8-13b199eacb30', 'NIGHT_VIEW_ASSIST');
insert into auto_vehicle_feature (vehicle_id, feature) values ('23f07003-47e7-400f-9fc8-13b199eacb30', 'PANORAMA_ROOF');
insert into auto_vehicle_feature (vehicle_id, feature) values ('23f07003-47e7-400f-9fc8-13b199eacb30', 'AUTOMATIC_CLIMATE_CONTROL');
insert into auto_vehicle_feature (vehicle_id, feature) values ('23f07003-47e7-400f-9fc8-13b199eacb30', 'CRUISE_CONTROL');
insert into auto_vehicle_feature (vehicle_id, feature) values ('23f07003-47e7-400f-9fc8-13b199eacb30', 'ABS');
insert into auto_vehicle_feature (vehicle_id, feature) values ('23f07003-47e7-400f-9fc8-13b199eacb30', 'SHIFT_PADDLES');
insert into auto_vehicle_feature (vehicle_id, feature) values ('23f07003-47e7-400f-9fc8-13b199eacb30', 'NIGHT_VIEW_ASSIST');
insert into auto_vehicle_feature (vehicle_id, feature) values ('23f07003-47e7-400f-9fc8-13b199eacb30', 'START_STOP_SYSTEM');
insert into auto_vehicle_feature (vehicle_id, feature) values ('23f07003-47e7-400f-9fc8-13b199eacb30', 'SPORT_SUSPENSION');
insert into auto_vehicle_feature (vehicle_id, feature) values ('db8c05e4-0440-47c1-84c1-d16f98a05016', 'KEYLESS_CENTRAL_DOOR_LOCK');
insert into auto_vehicle_feature (vehicle_id, feature) values ('db8c05e4-0440-47c1-84c1-d16f98a05016', 'SUNROOF');
insert into auto_vehicle_feature (vehicle_id, feature) values ('db8c05e4-0440-47c1-84c1-d16f98a05016', 'DRIVER_SIDE_AIRBAG');
insert into auto_vehicle_feature (vehicle_id, feature) values ('db8c05e4-0440-47c1-84c1-d16f98a05016', 'AUTOMATIC_CLIMATE_CONTROL');
insert into auto_vehicle_feature (vehicle_id, feature) values ('db8c05e4-0440-47c1-84c1-d16f98a05016', 'DIGITAL_RADIO');
insert into auto_vehicle_feature (vehicle_id, feature) values ('db8c05e4-0440-47c1-84c1-d16f98a05016', 'LEATHER_STEERING_WHEEL');
insert into auto_vehicle_feature (vehicle_id, feature) values ('db8c05e4-0440-47c1-84c1-d16f98a05016', 'RADIO');
insert into auto_vehicle_feature (vehicle_id, feature) values ('db8c05e4-0440-47c1-84c1-d16f98a05016', 'ALARM_SYSTEM');
insert into auto_vehicle_feature (vehicle_id, feature) values ('db8c05e4-0440-47c1-84c1-d16f98a05016', 'TELEVISION');
insert into auto_vehicle_feature (vehicle_id, feature) values ('db8c05e4-0440-47c1-84c1-d16f98a05016', 'LIGHT_SENSOR');
insert into auto_vehicle_feature (vehicle_id, feature) values ('db8c05e4-0440-47c1-84c1-d16f98a05016', 'PARKING_ASSIST_SYSTEM_SELF_STEERING');
insert into auto_vehicle_feature (vehicle_id, feature) values ('db8c05e4-0440-47c1-84c1-d16f98a05016', 'PARKING_ASSIST_SYSTEM_SENSORS_REAR');
insert into auto_vehicle_feature (vehicle_id, feature) values ('e04d1885-c8fc-4a9f-8138-f1f89e32b3b5', 'DRIVER_DROWSINESS_DETECTION');
insert into auto_vehicle_feature (vehicle_id, feature) values ('e04d1885-c8fc-4a9f-8138-f1f89e32b3b5', 'NIGHT_VIEW_ASSIST');
insert into auto_vehicle_feature (vehicle_id, feature) values ('e04d1885-c8fc-4a9f-8138-f1f89e32b3b5', 'NON_SMOKING_VEHICLE');
insert into auto_vehicle_feature (vehicle_id, feature) values ('e04d1885-c8fc-4a9f-8138-f1f89e32b3b5', 'KEYLESS_CENTRAL_DOOR_LOCK');
insert into auto_vehicle_feature (vehicle_id, feature) values ('e04d1885-c8fc-4a9f-8138-f1f89e32b3b5', 'CENTRAL_DOOR_LOCK');
insert into auto_vehicle_feature (vehicle_id, feature) values ('e04d1885-c8fc-4a9f-8138-f1f89e32b3b5', 'MULTI_FUNCTION_STEERING_WHEEL');
insert into auto_vehicle_feature (vehicle_id, feature) values ('e04d1885-c8fc-4a9f-8138-f1f89e32b3b5', 'XENON_HEADLIGHTS');
insert into auto_vehicle_feature (vehicle_id, feature) values ('e04d1885-c8fc-4a9f-8138-f1f89e32b3b5', 'NON_SMOKING_VEHICLE');
insert into auto_vehicle_feature (vehicle_id, feature) values ('e04d1885-c8fc-4a9f-8138-f1f89e32b3b5', 'EMERGENCY_SYSTEM');
insert into auto_vehicle_feature (vehicle_id, feature) values ('e04d1885-c8fc-4a9f-8138-f1f89e32b3b5', 'RADIO');
insert into auto_vehicle_feature (vehicle_id, feature) values ('e04d1885-c8fc-4a9f-8138-f1f89e32b3b5', 'ISOFIX');
insert into auto_vehicle_feature (vehicle_id, feature) values ('e04d1885-c8fc-4a9f-8138-f1f89e32b3b5', 'SLIDING_DOOR');
insert into auto_vehicle_feature (vehicle_id, feature) values ('e04d1885-c8fc-4a9f-8138-f1f89e32b3b5', 'SPORT_SEATS');
insert into auto_vehicle_feature (vehicle_id, feature) values ('e04d1885-c8fc-4a9f-8138-f1f89e32b3b5', 'SKI_BAG');
insert into auto_vehicle_feature (vehicle_id, feature) values ('584e53d6-0309-4a4e-b183-cd57f2848020', 'TELEVISION');
insert into auto_vehicle_feature (vehicle_id, feature) values ('584e53d6-0309-4a4e-b183-cd57f2848020', 'USB');
insert into auto_vehicle_feature (vehicle_id, feature) values ('584e53d6-0309-4a4e-b183-cd57f2848020', 'RADIO');
insert into auto_vehicle_feature (vehicle_id, feature) values ('584e53d6-0309-4a4e-b183-cd57f2848020', 'LANE_DEPARTURE_WARNING_SYSTEM');
insert into auto_vehicle_feature (vehicle_id, feature) values ('584e53d6-0309-4a4e-b183-cd57f2848020', 'CD_PLAYER');
insert into auto_vehicle_feature (vehicle_id, feature) values ('584e53d6-0309-4a4e-b183-cd57f2848020', 'HEATED_STEERING_WHEEL');
insert into auto_vehicle_feature (vehicle_id, feature) values ('584e53d6-0309-4a4e-b183-cd57f2848020', 'SLIDING_DOOR');
insert into auto_vehicle_feature (vehicle_id, feature) values ('584e53d6-0309-4a4e-b183-cd57f2848020', 'USB');
insert into auto_vehicle_feature (vehicle_id, feature) values ('584e53d6-0309-4a4e-b183-cd57f2848020', 'HEADS_UP_DISPLAY');
insert into auto_vehicle_feature (vehicle_id, feature) values ('584e53d6-0309-4a4e-b183-cd57f2848020', 'AIR_CONDITIONING');
insert into auto_vehicle_feature (vehicle_id, feature) values ('8cdc44ce-040c-49fc-9f7e-dca083ec5785', 'DRIVER_DROWSINESS_DETECTION');
insert into auto_vehicle_feature (vehicle_id, feature) values ('8cdc44ce-040c-49fc-9f7e-dca083ec5785', 'IMMOBILIZER');
insert into auto_vehicle_feature (vehicle_id, feature) values ('8cdc44ce-040c-49fc-9f7e-dca083ec5785', 'AIR_CONDITIONING');
insert into auto_vehicle_feature (vehicle_id, feature) values ('8cdc44ce-040c-49fc-9f7e-dca083ec5785', 'LED_HEADLIGHTS');
insert into auto_vehicle_feature (vehicle_id, feature) values ('8cdc44ce-040c-49fc-9f7e-dca083ec5785', 'SKI_BAG');
insert into auto_vehicle_feature (vehicle_id, feature) values ('8cdc44ce-040c-49fc-9f7e-dca083ec5785', 'ADAPTIVE_HEADLIGHTS');
insert into auto_vehicle_feature (vehicle_id, feature) values ('8cdc44ce-040c-49fc-9f7e-dca083ec5785', 'DAYTIME_RUNNING_LIGHTS');
insert into auto_vehicle_feature (vehicle_id, feature) values ('8cdc44ce-040c-49fc-9f7e-dca083ec5785', 'DRIVER_SIDE_AIRBAG');
insert into auto_vehicle_feature (vehicle_id, feature) values ('8cdc44ce-040c-49fc-9f7e-dca083ec5785', 'NIGHT_VIEW_ASSIST');
insert into auto_vehicle_feature (vehicle_id, feature) values ('eba6daf6-bc6c-4bb7-acf1-aca82c273398', 'SIDE_AIRBAG');
insert into auto_vehicle_feature (vehicle_id, feature) values ('eba6daf6-bc6c-4bb7-acf1-aca82c273398', 'TRAFFIC_SIGN_RECOGNITION');
insert into auto_vehicle_feature (vehicle_id, feature) values ('eba6daf6-bc6c-4bb7-acf1-aca82c273398', 'POWER_WINDOWS');
insert into auto_vehicle_feature (vehicle_id, feature) values ('eba6daf6-bc6c-4bb7-acf1-aca82c273398', 'SKI_BAG');
insert into auto_vehicle_feature (vehicle_id, feature) values ('eba6daf6-bc6c-4bb7-acf1-aca82c273398', 'AIR_SUSPENSION');
insert into auto_vehicle_feature (vehicle_id, feature) values ('eba6daf6-bc6c-4bb7-acf1-aca82c273398', 'SKI_BAG');
insert into auto_vehicle_feature (vehicle_id, feature) values ('eba6daf6-bc6c-4bb7-acf1-aca82c273398', 'HEADS_UP_DISPLAY');
insert into auto_vehicle_feature (vehicle_id, feature) values ('eba6daf6-bc6c-4bb7-acf1-aca82c273398', 'ADAPTIVE_HEADLIGHTS');
insert into auto_vehicle_feature (vehicle_id, feature) values ('eba6daf6-bc6c-4bb7-acf1-aca82c273398', 'HEATED_STEERING_WHEEL');
insert into auto_vehicle_feature (vehicle_id, feature) values ('3cc51a95-bda5-4f89-a3a5-585d99dea069', 'ABS');
insert into auto_vehicle_feature (vehicle_id, feature) values ('3cc51a95-bda5-4f89-a3a5-585d99dea069', 'HANDS_FREE_EQUIPMENT');
insert into auto_vehicle_feature (vehicle_id, feature) values ('3cc51a95-bda5-4f89-a3a5-585d99dea069', 'ELECTRICALLY_ADJUSTABLE_SEATS');
insert into auto_vehicle_feature (vehicle_id, feature) values ('3cc51a95-bda5-4f89-a3a5-585d99dea069', 'START_STOP_SYSTEM');
insert into auto_vehicle_feature (vehicle_id, feature) values ('3cc51a95-bda5-4f89-a3a5-585d99dea069', 'HANDS_FREE_EQUIPMENT');
insert into auto_vehicle_feature (vehicle_id, feature) values ('3cc51a95-bda5-4f89-a3a5-585d99dea069', 'XENON_HEADLIGHTS');
insert into auto_vehicle_feature (vehicle_id, feature) values ('3cc51a95-bda5-4f89-a3a5-585d99dea069', 'LED_HEADLIGHTS');
insert into auto_vehicle_feature (vehicle_id, feature) values ('3cc51a95-bda5-4f89-a3a5-585d99dea069', 'LIGHT_SENSOR');
insert into auto_vehicle_feature (vehicle_id, feature) values ('3cc51a95-bda5-4f89-a3a5-585d99dea069', 'ON_BOARD_COMPUTER');
insert into auto_vehicle_feature (vehicle_id, feature) values ('3cc51a95-bda5-4f89-a3a5-585d99dea069', 'USB');
insert into auto_vehicle_feature (vehicle_id, feature) values ('3cc51a95-bda5-4f89-a3a5-585d99dea069', 'LED_HEADLIGHTS');
insert into auto_vehicle_feature (vehicle_id, feature) values ('3cc51a95-bda5-4f89-a3a5-585d99dea069', 'PARTICULATE_FILTER');
insert into auto_vehicle_feature (vehicle_id, feature) values ('3cc51a95-bda5-4f89-a3a5-585d99dea069', 'HEADS_UP_DISPLAY');
insert into auto_vehicle_feature (vehicle_id, feature) values ('3cc51a95-bda5-4f89-a3a5-585d99dea069', 'MASSAGE_SEATS');
insert into auto_vehicle_feature (vehicle_id, feature) values ('87397e9e-ae61-4830-ba93-d09c6f0ab953', 'SPORT_PACKAGE');
insert into auto_vehicle_feature (vehicle_id, feature) values ('87397e9e-ae61-4830-ba93-d09c6f0ab953', 'MP3');
insert into auto_vehicle_feature (vehicle_id, feature) values ('87397e9e-ae61-4830-ba93-d09c6f0ab953', 'DRIVER_SIDE_AIRBAG');
insert into auto_vehicle_feature (vehicle_id, feature) values ('87397e9e-ae61-4830-ba93-d09c6f0ab953', 'DAYTIME_RUNNING_LIGHTS');
insert into auto_vehicle_feature (vehicle_id, feature) values ('87397e9e-ae61-4830-ba93-d09c6f0ab953', 'LEATHER_STEERING_WHEEL');
insert into auto_vehicle_feature (vehicle_id, feature) values ('87397e9e-ae61-4830-ba93-d09c6f0ab953', 'POWER_WINDOWS');
insert into auto_vehicle_feature (vehicle_id, feature) values ('87397e9e-ae61-4830-ba93-d09c6f0ab953', 'LANE_DEPARTURE_WARNING_SYSTEM');
insert into auto_vehicle_feature (vehicle_id, feature) values ('3b0337f1-d391-4e8d-829f-001052ab3160', 'ON_BOARD_COMPUTER');
insert into auto_vehicle_feature (vehicle_id, feature) values ('3b0337f1-d391-4e8d-829f-001052ab3160', 'HANDS_FREE_EQUIPMENT');
insert into auto_vehicle_feature (vehicle_id, feature) values ('3b0337f1-d391-4e8d-829f-001052ab3160', 'PANORAMA_ROOF');
insert into auto_vehicle_feature (vehicle_id, feature) values ('3b0337f1-d391-4e8d-829f-001052ab3160', 'EMERGENCY_SYSTEM');
insert into auto_vehicle_feature (vehicle_id, feature) values ('3b0337f1-d391-4e8d-829f-001052ab3160', 'ROOF_RACK');
insert into auto_vehicle_feature (vehicle_id, feature) values ('3b0337f1-d391-4e8d-829f-001052ab3160', 'PASSENGER_SIDE_AIRBAG');
insert into auto_vehicle_feature (vehicle_id, feature) values ('3b0337f1-d391-4e8d-829f-001052ab3160', 'HANDS_FREE_EQUIPMENT');
insert into auto_vehicle_feature (vehicle_id, feature) values ('3b0337f1-d391-4e8d-829f-001052ab3160', 'SEAT_HEATING');
insert into auto_vehicle_feature (vehicle_id, feature) values ('3b0337f1-d391-4e8d-829f-001052ab3160', 'AIR_CONDITIONING');
insert into auto_vehicle_feature (vehicle_id, feature) values ('21c39695-d191-4e3f-ab53-8d0fed602580', 'TRAILER_HITCH');
insert into auto_vehicle_feature (vehicle_id, feature) values ('21c39695-d191-4e3f-ab53-8d0fed602580', 'MASSAGE_SEATS');
insert into auto_vehicle_feature (vehicle_id, feature) values ('21c39695-d191-4e3f-ab53-8d0fed602580', 'SPORT_PACKAGE');
insert into auto_vehicle_feature (vehicle_id, feature) values ('21c39695-d191-4e3f-ab53-8d0fed602580', 'SEAT_VENTILATION');
insert into auto_vehicle_feature (vehicle_id, feature) values ('21c39695-d191-4e3f-ab53-8d0fed602580', 'LED_HEADLIGHTS');
insert into auto_vehicle_feature (vehicle_id, feature) values ('21c39695-d191-4e3f-ab53-8d0fed602580', 'PARKING_ASSIST_SYSTEM_CAMERA');
insert into auto_vehicle_feature (vehicle_id, feature) values ('21c39695-d191-4e3f-ab53-8d0fed602580', 'SPORT_PACKAGE');
insert into auto_vehicle_feature (vehicle_id, feature) values ('21c39695-d191-4e3f-ab53-8d0fed602580', 'XENON_HEADLIGHTS');
insert into auto_vehicle_feature (vehicle_id, feature) values ('21c39695-d191-4e3f-ab53-8d0fed602580', 'ABS');
insert into auto_vehicle_feature (vehicle_id, feature) values ('21c39695-d191-4e3f-ab53-8d0fed602580', 'ADAPTIVE_HEADLIGHTS');
insert into auto_vehicle_feature (vehicle_id, feature) values ('21c39695-d191-4e3f-ab53-8d0fed602580', 'START_STOP_SYSTEM');
insert into auto_vehicle_feature (vehicle_id, feature) values ('21c39695-d191-4e3f-ab53-8d0fed602580', 'NON_SMOKING_VEHICLE');
insert into auto_vehicle_feature (vehicle_id, feature) values ('8cb6c186-7c11-4a8d-81eb-9d315f330c2f', 'NAVIGATION_SYSTEM');
insert into auto_vehicle_feature (vehicle_id, feature) values ('8cb6c186-7c11-4a8d-81eb-9d315f330c2f', 'TELEVISION');
insert into auto_vehicle_feature (vehicle_id, feature) values ('8cb6c186-7c11-4a8d-81eb-9d315f330c2f', 'ADAPTIVE_CRUISE_CONTROL');
insert into auto_vehicle_feature (vehicle_id, feature) values ('8cb6c186-7c11-4a8d-81eb-9d315f330c2f', 'ELECTRICALLY_ADJUSTABLE_SEATS');
insert into auto_vehicle_feature (vehicle_id, feature) values ('8cb6c186-7c11-4a8d-81eb-9d315f330c2f', 'ELECTRONIC_STABILITY_CONTROL');
insert into auto_vehicle_feature (vehicle_id, feature) values ('8cb6c186-7c11-4a8d-81eb-9d315f330c2f', 'AIR_SUSPENSION');
insert into auto_vehicle_feature (vehicle_id, feature) values ('7f1166dc-49d2-483a-889c-f2d3f026fa73', 'BLIND_SPOT_MONITOR');
insert into auto_vehicle_feature (vehicle_id, feature) values ('7f1166dc-49d2-483a-889c-f2d3f026fa73', 'METALLIC');
insert into auto_vehicle_feature (vehicle_id, feature) values ('7f1166dc-49d2-483a-889c-f2d3f026fa73', 'AIR_CONDITIONING');
insert into auto_vehicle_feature (vehicle_id, feature) values ('7f1166dc-49d2-483a-889c-f2d3f026fa73', 'LED_DAYTIME_RUNNING_LIGHTS');
insert into auto_vehicle_feature (vehicle_id, feature) values ('7f1166dc-49d2-483a-889c-f2d3f026fa73', 'TRAFFIC_SIGN_RECOGNITION');
insert into auto_vehicle_feature (vehicle_id, feature) values ('7f1166dc-49d2-483a-889c-f2d3f026fa73', 'PARKING_ASSIST_SYSTEM_CAMERA');
insert into auto_vehicle_feature (vehicle_id, feature) values ('7f1166dc-49d2-483a-889c-f2d3f026fa73', 'SPORT_PACKAGE');
insert into auto_vehicle_feature (vehicle_id, feature) values ('54e4bf76-fcce-4f49-b3b8-f46b336e5372', 'SEAT_HEATING');
insert into auto_vehicle_feature (vehicle_id, feature) values ('54e4bf76-fcce-4f49-b3b8-f46b336e5372', 'ROOF_RACK');
insert into auto_vehicle_feature (vehicle_id, feature) values ('54e4bf76-fcce-4f49-b3b8-f46b336e5372', 'XENON_HEADLIGHTS');
insert into auto_vehicle_feature (vehicle_id, feature) values ('54e4bf76-fcce-4f49-b3b8-f46b336e5372', 'CD_PLAYER');
insert into auto_vehicle_feature (vehicle_id, feature) values ('54e4bf76-fcce-4f49-b3b8-f46b336e5372', 'SEAT_HEATING');
insert into auto_vehicle_feature (vehicle_id, feature) values ('54e4bf76-fcce-4f49-b3b8-f46b336e5372', 'ALARM_SYSTEM');
insert into auto_vehicle_feature (vehicle_id, feature) values ('54e4bf76-fcce-4f49-b3b8-f46b336e5372', 'PANORAMA_ROOF');
insert into auto_vehicle_feature (vehicle_id, feature) values ('c584c5ef-6103-4a4c-8274-e47b4986e9c7', 'ABS');
insert into auto_vehicle_feature (vehicle_id, feature) values ('c584c5ef-6103-4a4c-8274-e47b4986e9c7', 'MASSAGE_SEATS');
insert into auto_vehicle_feature (vehicle_id, feature) values ('c584c5ef-6103-4a4c-8274-e47b4986e9c7', 'PANORAMA_ROOF');
insert into auto_vehicle_feature (vehicle_id, feature) values ('c584c5ef-6103-4a4c-8274-e47b4986e9c7', 'LED_DAYTIME_RUNNING_LIGHTS');
insert into auto_vehicle_feature (vehicle_id, feature) values ('c584c5ef-6103-4a4c-8274-e47b4986e9c7', 'AUXILIARY_HEATING');
insert into auto_vehicle_feature (vehicle_id, feature) values ('c584c5ef-6103-4a4c-8274-e47b4986e9c7', 'SUNROOF');
insert into auto_vehicle_feature (vehicle_id, feature) values ('c584c5ef-6103-4a4c-8274-e47b4986e9c7', 'DRIVER_DROWSINESS_DETECTION');
insert into auto_vehicle_feature (vehicle_id, feature) values ('c584c5ef-6103-4a4c-8274-e47b4986e9c7', 'ALLOY_WHEELS');
insert into auto_vehicle_feature (vehicle_id, feature) values ('ee367852-28c0-49c4-afd6-c7484346a089', 'CD_PLAYER');
insert into auto_vehicle_feature (vehicle_id, feature) values ('ee367852-28c0-49c4-afd6-c7484346a089', 'SLIDING_DOOR');
insert into auto_vehicle_feature (vehicle_id, feature) values ('ee367852-28c0-49c4-afd6-c7484346a089', 'CRUISE_CONTROL');
insert into auto_vehicle_feature (vehicle_id, feature) values ('ee367852-28c0-49c4-afd6-c7484346a089', 'ADAPTIVE_CRUISE_CONTROL');
insert into auto_vehicle_feature (vehicle_id, feature) values ('ee367852-28c0-49c4-afd6-c7484346a089', 'KEYLESS_CENTRAL_DOOR_LOCK');
insert into auto_vehicle_feature (vehicle_id, feature) values ('ee367852-28c0-49c4-afd6-c7484346a089', 'LED_HEADLIGHTS');
insert into auto_vehicle_feature (vehicle_id, feature) values ('ee367852-28c0-49c4-afd6-c7484346a089', 'DAYTIME_RUNNING_LIGHTS');
insert into auto_vehicle_feature (vehicle_id, feature) values ('ee367852-28c0-49c4-afd6-c7484346a089', 'DRIVER_DROWSINESS_DETECTION');
insert into auto_vehicle_feature (vehicle_id, feature) values ('ee367852-28c0-49c4-afd6-c7484346a089', 'PARKING_ASSIST_SYSTEM_SELF_STEERING');
insert into auto_vehicle_feature (vehicle_id, feature) values ('f2f529ba-a90b-4ae5-96dc-a8eac83553ee', 'HANDS_FREE_EQUIPMENT');
insert into auto_vehicle_feature (vehicle_id, feature) values ('f2f529ba-a90b-4ae5-96dc-a8eac83553ee', 'AIR_SUSPENSION');
insert into auto_vehicle_feature (vehicle_id, feature) values ('f2f529ba-a90b-4ae5-96dc-a8eac83553ee', 'ELECTRICAL_SIDE_MIRRORS');
insert into auto_vehicle_feature (vehicle_id, feature) values ('f2f529ba-a90b-4ae5-96dc-a8eac83553ee', 'XENON_HEADLIGHTS');
insert into auto_vehicle_feature (vehicle_id, feature) values ('f2f529ba-a90b-4ae5-96dc-a8eac83553ee', 'HEATED_STEERING_WHEEL');
insert into auto_vehicle_feature (vehicle_id, feature) values ('f2f529ba-a90b-4ae5-96dc-a8eac83553ee', 'LIGHT_SENSOR');
insert into auto_vehicle_feature (vehicle_id, feature) values ('f2f529ba-a90b-4ae5-96dc-a8eac83553ee', 'ARMREST');
insert into auto_vehicle_feature (vehicle_id, feature) values ('f2f529ba-a90b-4ae5-96dc-a8eac83553ee', 'ELECTRONIC_STABILITY_CONTROL');
insert into auto_vehicle_feature (vehicle_id, feature) values ('f2f529ba-a90b-4ae5-96dc-a8eac83553ee', 'TELEVISION');
insert into auto_vehicle_feature (vehicle_id, feature) values ('f2f529ba-a90b-4ae5-96dc-a8eac83553ee', 'PASSENGER_SIDE_AIRBAG');
insert into auto_vehicle_feature (vehicle_id, feature) values ('f2f529ba-a90b-4ae5-96dc-a8eac83553ee', 'CD_PLAYER');
insert into auto_vehicle_feature (vehicle_id, feature) values ('0cb41f63-9aca-4c9c-ab00-775ca3d32f70', 'PARKING_ASSIST_SYSTEM_SENSORS_FRONT');
insert into auto_vehicle_feature (vehicle_id, feature) values ('0cb41f63-9aca-4c9c-ab00-775ca3d32f70', 'GUARANTEE');
insert into auto_vehicle_feature (vehicle_id, feature) values ('0cb41f63-9aca-4c9c-ab00-775ca3d32f70', 'BLUETOOTH');
insert into auto_vehicle_feature (vehicle_id, feature) values ('0cb41f63-9aca-4c9c-ab00-775ca3d32f70', 'SLIDING_DOOR');
insert into auto_vehicle_feature (vehicle_id, feature) values ('0cb41f63-9aca-4c9c-ab00-775ca3d32f70', 'AUTOMATIC_CLIMATE_CONTROL');
insert into auto_vehicle_feature (vehicle_id, feature) values ('0cb41f63-9aca-4c9c-ab00-775ca3d32f70', 'PARKING_ASSIST_SYSTEM_SENSORS_REAR');
insert into auto_vehicle_feature (vehicle_id, feature) values ('0cb41f63-9aca-4c9c-ab00-775ca3d32f70', 'POWER_WINDOWS');
insert into auto_vehicle_feature (vehicle_id, feature) values ('0cb41f63-9aca-4c9c-ab00-775ca3d32f70', 'XENON_HEADLIGHTS');
insert into auto_vehicle_feature (vehicle_id, feature) values ('be125f90-0188-4edd-a16f-e2df136b3e75', 'USB');
insert into auto_vehicle_feature (vehicle_id, feature) values ('be125f90-0188-4edd-a16f-e2df136b3e75', 'PARKING_ASSIST_SYSTEM_SENSORS_REAR');
insert into auto_vehicle_feature (vehicle_id, feature) values ('be125f90-0188-4edd-a16f-e2df136b3e75', 'TRAFFIC_SIGN_RECOGNITION');
insert into auto_vehicle_feature (vehicle_id, feature) values ('be125f90-0188-4edd-a16f-e2df136b3e75', 'SHIFT_PADDLES');
insert into auto_vehicle_feature (vehicle_id, feature) values ('be125f90-0188-4edd-a16f-e2df136b3e75', 'PARKING_ASSIST_SYSTEM_SENSORS_REAR');
insert into auto_vehicle_feature (vehicle_id, feature) values ('be125f90-0188-4edd-a16f-e2df136b3e75', 'NAVIGATION_SYSTEM');
insert into auto_vehicle_feature (vehicle_id, feature) values ('96ea6f9d-1010-4095-aeec-6bfc3d56ba48', 'NON_SMOKING_VEHICLE');
insert into auto_vehicle_feature (vehicle_id, feature) values ('96ea6f9d-1010-4095-aeec-6bfc3d56ba48', 'TRACTION_CONTROL');
insert into auto_vehicle_feature (vehicle_id, feature) values ('96ea6f9d-1010-4095-aeec-6bfc3d56ba48', 'LEATHER_STEERING_WHEEL');
insert into auto_vehicle_feature (vehicle_id, feature) values ('96ea6f9d-1010-4095-aeec-6bfc3d56ba48', 'VOICE_CONTROL');
insert into auto_vehicle_feature (vehicle_id, feature) values ('96ea6f9d-1010-4095-aeec-6bfc3d56ba48', 'TELEVISION');
insert into auto_vehicle_feature (vehicle_id, feature) values ('96ea6f9d-1010-4095-aeec-6bfc3d56ba48', 'VOICE_CONTROL');
insert into auto_vehicle_feature (vehicle_id, feature) values ('96ea6f9d-1010-4095-aeec-6bfc3d56ba48', 'ROOF_RACK');
insert into auto_vehicle_feature (vehicle_id, feature) values ('2a29a821-1eb2-4d8d-82a8-5f94d33e2ac6', 'ALARM_SYSTEM');
insert into auto_vehicle_feature (vehicle_id, feature) values ('2a29a821-1eb2-4d8d-82a8-5f94d33e2ac6', 'SPORT_SEATS');
insert into auto_vehicle_feature (vehicle_id, feature) values ('2a29a821-1eb2-4d8d-82a8-5f94d33e2ac6', 'SKI_BAG');
insert into auto_vehicle_feature (vehicle_id, feature) values ('2a29a821-1eb2-4d8d-82a8-5f94d33e2ac6', 'TELEVISION');
insert into auto_vehicle_feature (vehicle_id, feature) values ('2a29a821-1eb2-4d8d-82a8-5f94d33e2ac6', 'AIR_CONDITIONING');
insert into auto_vehicle_feature (vehicle_id, feature) values ('2a29a821-1eb2-4d8d-82a8-5f94d33e2ac6', 'CENTRAL_DOOR_LOCK');
insert into auto_vehicle_feature (vehicle_id, feature) values ('2a29a821-1eb2-4d8d-82a8-5f94d33e2ac6', 'TIRE_PRESSURE_MONITORING_SYSTEM');
insert into auto_vehicle_feature (vehicle_id, feature) values ('2a29a821-1eb2-4d8d-82a8-5f94d33e2ac6', 'AIR_SUSPENSION');
insert into auto_vehicle_feature (vehicle_id, feature) values ('e9dc590e-2031-4e60-ab0b-d736928c7e3a', 'LEATHER_STEERING_WHEEL');
insert into auto_vehicle_feature (vehicle_id, feature) values ('e9dc590e-2031-4e60-ab0b-d736928c7e3a', 'XENON_HEADLIGHTS');
insert into auto_vehicle_feature (vehicle_id, feature) values ('e9dc590e-2031-4e60-ab0b-d736928c7e3a', 'POWER_WINDOWS');
insert into auto_vehicle_feature (vehicle_id, feature) values ('e9dc590e-2031-4e60-ab0b-d736928c7e3a', 'LUMBAR_SUPPORT');
insert into auto_vehicle_feature (vehicle_id, feature) values ('e9dc590e-2031-4e60-ab0b-d736928c7e3a', 'PANORAMA_ROOF');
insert into auto_vehicle_feature (vehicle_id, feature) values ('e9dc590e-2031-4e60-ab0b-d736928c7e3a', 'BLIND_SPOT_MONITOR');
insert into auto_vehicle_feature (vehicle_id, feature) values ('e9dc590e-2031-4e60-ab0b-d736928c7e3a', 'TIRE_PRESSURE_MONITORING_SYSTEM');
insert into auto_vehicle_feature (vehicle_id, feature) values ('e9dc590e-2031-4e60-ab0b-d736928c7e3a', 'TRACTION_CONTROL');
insert into auto_vehicle_feature (vehicle_id, feature) values ('e9dc590e-2031-4e60-ab0b-d736928c7e3a', 'TRAILER_HITCH');
insert into auto_vehicle_feature (vehicle_id, feature) values ('e9dc590e-2031-4e60-ab0b-d736928c7e3a', 'MP3');
insert into auto_vehicle_feature (vehicle_id, feature) values ('cf84bab8-9fe4-4005-bb4c-ba4794e11cbe', 'PARKING_ASSIST_SYSTEM_SENSORS_REAR');
insert into auto_vehicle_feature (vehicle_id, feature) values ('cf84bab8-9fe4-4005-bb4c-ba4794e11cbe', 'PARKING_ASSIST_SYSTEM_SENSORS_REAR');
insert into auto_vehicle_feature (vehicle_id, feature) values ('cf84bab8-9fe4-4005-bb4c-ba4794e11cbe', 'NAVIGATION_SYSTEM');
insert into auto_vehicle_feature (vehicle_id, feature) values ('cf84bab8-9fe4-4005-bb4c-ba4794e11cbe', 'DAYTIME_RUNNING_LIGHTS');
insert into auto_vehicle_feature (vehicle_id, feature) values ('cf84bab8-9fe4-4005-bb4c-ba4794e11cbe', 'AIR_CONDITIONING');
insert into auto_vehicle_feature (vehicle_id, feature) values ('cf84bab8-9fe4-4005-bb4c-ba4794e11cbe', 'GUARANTEE');
insert into auto_vehicle_feature (vehicle_id, feature) values ('cf84bab8-9fe4-4005-bb4c-ba4794e11cbe', 'HEATED_STEERING_WHEEL');
insert into auto_vehicle_feature (vehicle_id, feature) values ('cf84bab8-9fe4-4005-bb4c-ba4794e11cbe', 'SOUND_SYSTEM');
insert into auto_vehicle_feature (vehicle_id, feature) values ('cf84bab8-9fe4-4005-bb4c-ba4794e11cbe', 'ALLOY_WHEELS');
insert into auto_vehicle_feature (vehicle_id, feature) values ('cf84bab8-9fe4-4005-bb4c-ba4794e11cbe', 'TRACTION_CONTROL');
insert into auto_vehicle_feature (vehicle_id, feature) values ('1382f1db-14f4-4c53-b9de-4fe1fae92830', 'SUNROOF');
insert into auto_vehicle_feature (vehicle_id, feature) values ('1382f1db-14f4-4c53-b9de-4fe1fae92830', 'TRACTION_CONTROL');
insert into auto_vehicle_feature (vehicle_id, feature) values ('1382f1db-14f4-4c53-b9de-4fe1fae92830', 'LIGHT_SENSOR');
insert into auto_vehicle_feature (vehicle_id, feature) values ('1382f1db-14f4-4c53-b9de-4fe1fae92830', 'BLIND_SPOT_MONITOR');
insert into auto_vehicle_feature (vehicle_id, feature) values ('1382f1db-14f4-4c53-b9de-4fe1fae92830', 'SKI_BAG');
insert into auto_vehicle_feature (vehicle_id, feature) values ('f646195f-c425-4757-bb64-18f4eb1218e7', 'SKI_BAG');
insert into auto_vehicle_feature (vehicle_id, feature) values ('f646195f-c425-4757-bb64-18f4eb1218e7', 'VOICE_CONTROL');
insert into auto_vehicle_feature (vehicle_id, feature) values ('f646195f-c425-4757-bb64-18f4eb1218e7', 'ARMREST');
insert into auto_vehicle_feature (vehicle_id, feature) values ('f646195f-c425-4757-bb64-18f4eb1218e7', 'METALLIC');
insert into auto_vehicle_feature (vehicle_id, feature) values ('f646195f-c425-4757-bb64-18f4eb1218e7', 'HILL_HOLDER');
insert into auto_vehicle_feature (vehicle_id, feature) values ('f646195f-c425-4757-bb64-18f4eb1218e7', 'BLUETOOTH');
insert into auto_vehicle_feature (vehicle_id, feature) values ('f646195f-c425-4757-bb64-18f4eb1218e7', 'ADAPTIVE_CRUISE_CONTROL');
insert into auto_vehicle_feature (vehicle_id, feature) values ('f646195f-c425-4757-bb64-18f4eb1218e7', 'ELECTRONIC_STABILITY_CONTROL');
insert into auto_vehicle_feature (vehicle_id, feature) values ('f646195f-c425-4757-bb64-18f4eb1218e7', 'HEATED_STEERING_WHEEL');
insert into auto_vehicle_feature (vehicle_id, feature) values ('f646195f-c425-4757-bb64-18f4eb1218e7', 'SPORT_SUSPENSION');
insert into auto_vehicle_feature (vehicle_id, feature) values ('f646195f-c425-4757-bb64-18f4eb1218e7', 'AIR_SUSPENSION');
insert into auto_vehicle_feature (vehicle_id, feature) values ('f646195f-c425-4757-bb64-18f4eb1218e7', 'XENON_HEADLIGHTS');
insert into auto_vehicle_feature (vehicle_id, feature) values ('f646195f-c425-4757-bb64-18f4eb1218e7', 'ELECTRONIC_STABILITY_CONTROL');
insert into auto_vehicle_feature (vehicle_id, feature) values ('f646195f-c425-4757-bb64-18f4eb1218e7', 'PASSENGER_SIDE_AIRBAG');
insert into auto_vehicle_feature (vehicle_id, feature) values ('3693525f-d12a-4f68-9ae2-b112c6d76242', 'HANDS_FREE_EQUIPMENT');
insert into auto_vehicle_feature (vehicle_id, feature) values ('3693525f-d12a-4f68-9ae2-b112c6d76242', 'ABS');
insert into auto_vehicle_feature (vehicle_id, feature) values ('3693525f-d12a-4f68-9ae2-b112c6d76242', 'XENON_HEADLIGHTS');
insert into auto_vehicle_feature (vehicle_id, feature) values ('3693525f-d12a-4f68-9ae2-b112c6d76242', 'HEADS_UP_DISPLAY');
insert into auto_vehicle_feature (vehicle_id, feature) values ('3693525f-d12a-4f68-9ae2-b112c6d76242', 'CD_PLAYER');
insert into auto_vehicle_feature (vehicle_id, feature) values ('3693525f-d12a-4f68-9ae2-b112c6d76242', 'CENTRAL_DOOR_LOCK');
insert into auto_vehicle_feature (vehicle_id, feature) values ('3693525f-d12a-4f68-9ae2-b112c6d76242', 'ELECTRONIC_STABILITY_CONTROL');
insert into auto_vehicle_feature (vehicle_id, feature) values ('ff9e8f7b-1234-49a5-b0b5-63d5909370dc', 'PARKING_ASSIST_SYSTEM_SELF_STEERING');
insert into auto_vehicle_feature (vehicle_id, feature) values ('ff9e8f7b-1234-49a5-b0b5-63d5909370dc', 'TELEVISION');
insert into auto_vehicle_feature (vehicle_id, feature) values ('ff9e8f7b-1234-49a5-b0b5-63d5909370dc', 'PARTICULATE_FILTER');
insert into auto_vehicle_feature (vehicle_id, feature) values ('ff9e8f7b-1234-49a5-b0b5-63d5909370dc', 'ADAPTIVE_CRUISE_CONTROL');
insert into auto_vehicle_feature (vehicle_id, feature) values ('ff9e8f7b-1234-49a5-b0b5-63d5909370dc', 'LEATHER_STEERING_WHEEL');
insert into auto_vehicle_feature (vehicle_id, feature) values ('ff9e8f7b-1234-49a5-b0b5-63d5909370dc', 'ELECTRICAL_SIDE_MIRRORS');
insert into auto_vehicle_feature (vehicle_id, feature) values ('e2d80e3b-3d9f-4b5a-b939-34fffe308b88', 'AUXILIARY_HEATING');
insert into auto_vehicle_feature (vehicle_id, feature) values ('e2d80e3b-3d9f-4b5a-b939-34fffe308b88', 'MP3');
insert into auto_vehicle_feature (vehicle_id, feature) values ('e2d80e3b-3d9f-4b5a-b939-34fffe308b88', 'MP3');
insert into auto_vehicle_feature (vehicle_id, feature) values ('e2d80e3b-3d9f-4b5a-b939-34fffe308b88', 'SPORT_SEATS');
insert into auto_vehicle_feature (vehicle_id, feature) values ('e2d80e3b-3d9f-4b5a-b939-34fffe308b88', 'START_STOP_SYSTEM');
insert into auto_vehicle_feature (vehicle_id, feature) values ('e2d80e3b-3d9f-4b5a-b939-34fffe308b88', 'BLIND_SPOT_MONITOR');
insert into auto_vehicle_feature (vehicle_id, feature) values ('e2d80e3b-3d9f-4b5a-b939-34fffe308b88', 'ROOF_RACK');
insert into auto_vehicle_feature (vehicle_id, feature) values ('e2d80e3b-3d9f-4b5a-b939-34fffe308b88', 'HANDS_FREE_EQUIPMENT');
insert into auto_vehicle_feature (vehicle_id, feature) values ('e2d80e3b-3d9f-4b5a-b939-34fffe308b88', 'HEATED_STEERING_WHEEL');
insert into auto_vehicle_feature (vehicle_id, feature) values ('e2d80e3b-3d9f-4b5a-b939-34fffe308b88', 'LEATHER_STEERING_WHEEL');
insert into auto_vehicle_feature (vehicle_id, feature) values ('e2d80e3b-3d9f-4b5a-b939-34fffe308b88', 'XENON_HEADLIGHTS');
insert into auto_vehicle_feature (vehicle_id, feature) values ('e2d80e3b-3d9f-4b5a-b939-34fffe308b88', 'SUNROOF');
insert into auto_vehicle_feature (vehicle_id, feature) values ('e2d80e3b-3d9f-4b5a-b939-34fffe308b88', 'PARKING_ASSIST_SYSTEM_CAMERA');
insert into auto_vehicle_feature (vehicle_id, feature) values ('e2d80e3b-3d9f-4b5a-b939-34fffe308b88', 'SIDE_AIRBAG');
insert into auto_vehicle_feature (vehicle_id, feature) values ('6ff22292-9170-409f-a3b0-21b2db84c6d3', 'POWER_STEERING');
insert into auto_vehicle_feature (vehicle_id, feature) values ('6ff22292-9170-409f-a3b0-21b2db84c6d3', 'TIRE_PRESSURE_MONITORING_SYSTEM');
insert into auto_vehicle_feature (vehicle_id, feature) values ('6ff22292-9170-409f-a3b0-21b2db84c6d3', 'WITH_FULL_SERVICE_HISTORY');
insert into auto_vehicle_feature (vehicle_id, feature) values ('6ff22292-9170-409f-a3b0-21b2db84c6d3', 'RADIO');
insert into auto_vehicle_feature (vehicle_id, feature) values ('6ff22292-9170-409f-a3b0-21b2db84c6d3', 'HANDS_FREE_EQUIPMENT');
insert into auto_vehicle_feature (vehicle_id, feature) values ('4d7a78ab-0745-4dda-a0a1-e94184697e27', 'XENON_HEADLIGHTS');
insert into auto_vehicle_feature (vehicle_id, feature) values ('4d7a78ab-0745-4dda-a0a1-e94184697e27', 'PARKING_ASSIST_SYSTEM_SENSORS_REAR');
insert into auto_vehicle_feature (vehicle_id, feature) values ('4d7a78ab-0745-4dda-a0a1-e94184697e27', 'TRAILER_HITCH');
insert into auto_vehicle_feature (vehicle_id, feature) values ('4d7a78ab-0745-4dda-a0a1-e94184697e27', 'TELEVISION');
insert into auto_vehicle_feature (vehicle_id, feature) values ('4d7a78ab-0745-4dda-a0a1-e94184697e27', 'SEAT_HEATING');
insert into auto_vehicle_feature (vehicle_id, feature) values ('4d7a78ab-0745-4dda-a0a1-e94184697e27', 'BLUETOOTH');
insert into auto_vehicle_feature (vehicle_id, feature) values ('5f9a7391-80cb-4175-ab21-e5358192676a', 'FOG_LIGHTS');
insert into auto_vehicle_feature (vehicle_id, feature) values ('5f9a7391-80cb-4175-ab21-e5358192676a', 'LED_DAYTIME_RUNNING_LIGHTS');
insert into auto_vehicle_feature (vehicle_id, feature) values ('5f9a7391-80cb-4175-ab21-e5358192676a', 'MASSAGE_SEATS');
insert into auto_vehicle_feature (vehicle_id, feature) values ('5f9a7391-80cb-4175-ab21-e5358192676a', 'SOUND_SYSTEM');
insert into auto_vehicle_feature (vehicle_id, feature) values ('5f9a7391-80cb-4175-ab21-e5358192676a', 'MASSAGE_SEATS');
insert into auto_vehicle_feature (vehicle_id, feature) values ('5f9a7391-80cb-4175-ab21-e5358192676a', 'SPORT_SUSPENSION');
insert into auto_vehicle_feature (vehicle_id, feature) values ('5f9a7391-80cb-4175-ab21-e5358192676a', 'ADAPTIVE_HEADLIGHTS');
insert into auto_vehicle_feature (vehicle_id, feature) values ('5f9a7391-80cb-4175-ab21-e5358192676a', 'MULTI_FUNCTION_STEERING_WHEEL');
insert into auto_vehicle_feature (vehicle_id, feature) values ('5f9a7391-80cb-4175-ab21-e5358192676a', 'TRACTION_CONTROL');
insert into auto_vehicle_feature (vehicle_id, feature) values ('5f9a7391-80cb-4175-ab21-e5358192676a', 'LED_HEADLIGHTS');
insert into auto_vehicle_feature (vehicle_id, feature) values ('4c95690d-8ecb-42a5-97b2-09726ae34a68', 'DRIVER_SIDE_AIRBAG');
insert into auto_vehicle_feature (vehicle_id, feature) values ('4c95690d-8ecb-42a5-97b2-09726ae34a68', 'POWER_STEERING');
insert into auto_vehicle_feature (vehicle_id, feature) values ('4c95690d-8ecb-42a5-97b2-09726ae34a68', 'TIRE_PRESSURE_MONITORING_SYSTEM');
insert into auto_vehicle_feature (vehicle_id, feature) values ('4c95690d-8ecb-42a5-97b2-09726ae34a68', 'RAIN_SENSOR');
insert into auto_vehicle_feature (vehicle_id, feature) values ('4c95690d-8ecb-42a5-97b2-09726ae34a68', 'SIDE_AIRBAG');
insert into auto_vehicle_feature (vehicle_id, feature) values ('4c95690d-8ecb-42a5-97b2-09726ae34a68', 'MP3');
insert into auto_vehicle_feature (vehicle_id, feature) values ('4c95690d-8ecb-42a5-97b2-09726ae34a68', 'START_STOP_SYSTEM');
insert into auto_vehicle_feature (vehicle_id, feature) values ('4c95690d-8ecb-42a5-97b2-09726ae34a68', 'BLUETOOTH');
insert into auto_vehicle_feature (vehicle_id, feature) values ('a45d4709-b09b-43d3-b581-31963e2d0143', 'LANE_DEPARTURE_WARNING_SYSTEM');
insert into auto_vehicle_feature (vehicle_id, feature) values ('a45d4709-b09b-43d3-b581-31963e2d0143', 'LIGHT_SENSOR');
insert into auto_vehicle_feature (vehicle_id, feature) values ('a45d4709-b09b-43d3-b581-31963e2d0143', 'DIGITAL_RADIO');
insert into auto_vehicle_feature (vehicle_id, feature) values ('a45d4709-b09b-43d3-b581-31963e2d0143', 'HEADS_UP_DISPLAY');
insert into auto_vehicle_feature (vehicle_id, feature) values ('a45d4709-b09b-43d3-b581-31963e2d0143', 'HANDS_FREE_EQUIPMENT');
insert into auto_vehicle_feature (vehicle_id, feature) values ('a45d4709-b09b-43d3-b581-31963e2d0143', 'LUMBAR_SUPPORT');
insert into auto_vehicle_feature (vehicle_id, feature) values ('a45d4709-b09b-43d3-b581-31963e2d0143', 'MULTI_FUNCTION_STEERING_WHEEL');
insert into auto_vehicle_feature (vehicle_id, feature) values ('a45d4709-b09b-43d3-b581-31963e2d0143', 'TIRE_PRESSURE_MONITORING_SYSTEM');
insert into auto_vehicle_feature (vehicle_id, feature) values ('a45d4709-b09b-43d3-b581-31963e2d0143', 'TIRE_PRESSURE_MONITORING_SYSTEM');
insert into auto_vehicle_feature (vehicle_id, feature) values ('a45d4709-b09b-43d3-b581-31963e2d0143', 'LIGHT_SENSOR');
insert into auto_vehicle_feature (vehicle_id, feature) values ('a45d4709-b09b-43d3-b581-31963e2d0143', 'XENON_HEADLIGHTS');
insert into auto_vehicle_feature (vehicle_id, feature) values ('a45d4709-b09b-43d3-b581-31963e2d0143', 'HEADS_UP_DISPLAY');
insert into auto_vehicle_feature (vehicle_id, feature) values ('15db047d-29c2-455e-a41d-0820418c716f', 'TRAFFIC_SIGN_RECOGNITION');
insert into auto_vehicle_feature (vehicle_id, feature) values ('15db047d-29c2-455e-a41d-0820418c716f', 'SHIFT_PADDLES');
insert into auto_vehicle_feature (vehicle_id, feature) values ('15db047d-29c2-455e-a41d-0820418c716f', 'LED_DAYTIME_RUNNING_LIGHTS');
insert into auto_vehicle_feature (vehicle_id, feature) values ('15db047d-29c2-455e-a41d-0820418c716f', 'HANDS_FREE_EQUIPMENT');
insert into auto_vehicle_feature (vehicle_id, feature) values ('15db047d-29c2-455e-a41d-0820418c716f', 'NAVIGATION_SYSTEM');
insert into auto_vehicle_feature (vehicle_id, feature) values ('15db047d-29c2-455e-a41d-0820418c716f', 'LIGHT_SENSOR');
insert into auto_vehicle_feature (vehicle_id, feature) values ('01d2dfab-1f6a-4c76-a278-6e03fa43fcc1', 'LIGHT_SENSOR');
insert into auto_vehicle_feature (vehicle_id, feature) values ('01d2dfab-1f6a-4c76-a278-6e03fa43fcc1', 'DRIVER_DROWSINESS_DETECTION');
insert into auto_vehicle_feature (vehicle_id, feature) values ('01d2dfab-1f6a-4c76-a278-6e03fa43fcc1', 'SPORT_SUSPENSION');
insert into auto_vehicle_feature (vehicle_id, feature) values ('01d2dfab-1f6a-4c76-a278-6e03fa43fcc1', 'NAVIGATION_SYSTEM');
insert into auto_vehicle_feature (vehicle_id, feature) values ('01d2dfab-1f6a-4c76-a278-6e03fa43fcc1', 'IMMOBILIZER');
insert into auto_vehicle_feature (vehicle_id, feature) values ('01d2dfab-1f6a-4c76-a278-6e03fa43fcc1', 'LEATHER_STEERING_WHEEL');
insert into auto_vehicle_feature (vehicle_id, feature) values ('01d2dfab-1f6a-4c76-a278-6e03fa43fcc1', 'AIR_SUSPENSION');
insert into auto_vehicle_feature (vehicle_id, feature) values ('01d2dfab-1f6a-4c76-a278-6e03fa43fcc1', 'VOICE_CONTROL');
insert into auto_vehicle_feature (vehicle_id, feature) values ('01d2dfab-1f6a-4c76-a278-6e03fa43fcc1', 'CENTRAL_DOOR_LOCK');
insert into auto_vehicle_feature (vehicle_id, feature) values ('01d2dfab-1f6a-4c76-a278-6e03fa43fcc1', 'FOG_LIGHTS');
insert into auto_vehicle_feature (vehicle_id, feature) values ('01d2dfab-1f6a-4c76-a278-6e03fa43fcc1', 'AUTOMATIC_CLIMATE_CONTROL');
insert into auto_vehicle_feature (vehicle_id, feature) values ('1332fd01-b310-4deb-95e9-710baf463c0b', 'AUXILIARY_HEATING');
insert into auto_vehicle_feature (vehicle_id, feature) values ('1332fd01-b310-4deb-95e9-710baf463c0b', 'ON_BOARD_COMPUTER');
insert into auto_vehicle_feature (vehicle_id, feature) values ('1332fd01-b310-4deb-95e9-710baf463c0b', 'ARMREST');
insert into auto_vehicle_feature (vehicle_id, feature) values ('1332fd01-b310-4deb-95e9-710baf463c0b', 'TELEVISION');
insert into auto_vehicle_feature (vehicle_id, feature) values ('1332fd01-b310-4deb-95e9-710baf463c0b', 'METALLIC');
insert into auto_vehicle_feature (vehicle_id, feature) values ('1332fd01-b310-4deb-95e9-710baf463c0b', 'START_STOP_SYSTEM');
insert into auto_vehicle_feature (vehicle_id, feature) values ('1332fd01-b310-4deb-95e9-710baf463c0b', 'AUXILIARY_HEATING');
insert into auto_vehicle_feature (vehicle_id, feature) values ('1332fd01-b310-4deb-95e9-710baf463c0b', 'ELECTRIC_TAILGATE');
insert into auto_vehicle_feature (vehicle_id, feature) values ('1332fd01-b310-4deb-95e9-710baf463c0b', 'BLIND_SPOT_MONITOR');
insert into auto_vehicle_feature (vehicle_id, feature) values ('1332fd01-b310-4deb-95e9-710baf463c0b', 'CENTRAL_DOOR_LOCK');
insert into auto_vehicle_feature (vehicle_id, feature) values ('1332fd01-b310-4deb-95e9-710baf463c0b', 'PARKING_ASSIST_SYSTEM_SELF_STEERING');
insert into auto_vehicle_feature (vehicle_id, feature) values ('791318ac-ba2f-42e4-b963-c9834a7b5e86', 'TIRE_PRESSURE_MONITORING_SYSTEM');
insert into auto_vehicle_feature (vehicle_id, feature) values ('791318ac-ba2f-42e4-b963-c9834a7b5e86', 'MULTI_FUNCTION_STEERING_WHEEL');
insert into auto_vehicle_feature (vehicle_id, feature) values ('791318ac-ba2f-42e4-b963-c9834a7b5e86', 'TRAFFIC_SIGN_RECOGNITION');
insert into auto_vehicle_feature (vehicle_id, feature) values ('791318ac-ba2f-42e4-b963-c9834a7b5e86', 'ELECTRONIC_STABILITY_CONTROL');
insert into auto_vehicle_feature (vehicle_id, feature) values ('791318ac-ba2f-42e4-b963-c9834a7b5e86', 'SPORT_SUSPENSION');
insert into auto_vehicle_feature (vehicle_id, feature) values ('791318ac-ba2f-42e4-b963-c9834a7b5e86', 'LIGHT_SENSOR');
insert into auto_vehicle_feature (vehicle_id, feature) values ('791318ac-ba2f-42e4-b963-c9834a7b5e86', 'HEATED_STEERING_WHEEL');
insert into auto_vehicle_feature (vehicle_id, feature) values ('791318ac-ba2f-42e4-b963-c9834a7b5e86', 'SPORT_SEATS');
insert into auto_vehicle_feature (vehicle_id, feature) values ('791318ac-ba2f-42e4-b963-c9834a7b5e86', 'PARTICULATE_FILTER');
insert into auto_vehicle_feature (vehicle_id, feature) values ('791318ac-ba2f-42e4-b963-c9834a7b5e86', 'HANDICAPPED_ENABLED');
insert into auto_vehicle_feature (vehicle_id, feature) values ('791318ac-ba2f-42e4-b963-c9834a7b5e86', 'POWER_STEERING');
insert into auto_vehicle_feature (vehicle_id, feature) values ('791318ac-ba2f-42e4-b963-c9834a7b5e86', 'ALLOY_WHEELS');
insert into auto_vehicle_feature (vehicle_id, feature) values ('791318ac-ba2f-42e4-b963-c9834a7b5e86', 'KEYLESS_CENTRAL_DOOR_LOCK');
insert into auto_vehicle_feature (vehicle_id, feature) values ('a4d8b217-acdd-4032-a46c-03205e26e32b', 'POWER_WINDOWS');
insert into auto_vehicle_feature (vehicle_id, feature) values ('a4d8b217-acdd-4032-a46c-03205e26e32b', 'AIR_CONDITIONING');
insert into auto_vehicle_feature (vehicle_id, feature) values ('a4d8b217-acdd-4032-a46c-03205e26e32b', 'FOG_LIGHTS');
insert into auto_vehicle_feature (vehicle_id, feature) values ('a4d8b217-acdd-4032-a46c-03205e26e32b', 'METALLIC');
insert into auto_vehicle_feature (vehicle_id, feature) values ('a4d8b217-acdd-4032-a46c-03205e26e32b', 'POWER_WINDOWS');
insert into auto_vehicle_feature (vehicle_id, feature) values ('a4d8b217-acdd-4032-a46c-03205e26e32b', 'SUNROOF');
insert into auto_vehicle_feature (vehicle_id, feature) values ('a4d8b217-acdd-4032-a46c-03205e26e32b', 'GUARANTEE');
insert into auto_vehicle_feature (vehicle_id, feature) values ('a4d8b217-acdd-4032-a46c-03205e26e32b', 'SEAT_HEATING');
insert into auto_vehicle_feature (vehicle_id, feature) values ('a4d8b217-acdd-4032-a46c-03205e26e32b', 'SIDE_AIRBAG');
insert into auto_vehicle_feature (vehicle_id, feature) values ('a4d8b217-acdd-4032-a46c-03205e26e32b', 'NAVIGATION_SYSTEM');
insert into auto_vehicle_feature (vehicle_id, feature) values ('a4d8b217-acdd-4032-a46c-03205e26e32b', 'SOUND_SYSTEM');
insert into auto_vehicle_feature (vehicle_id, feature) values ('a4d8b217-acdd-4032-a46c-03205e26e32b', 'ADAPTIVE_HEADLIGHTS');
insert into auto_vehicle_feature (vehicle_id, feature) values ('a4d8b217-acdd-4032-a46c-03205e26e32b', 'XENON_HEADLIGHTS');
insert into auto_vehicle_feature (vehicle_id, feature) values ('a4d8b217-acdd-4032-a46c-03205e26e32b', 'DIGITAL_RADIO');
insert into auto_vehicle_feature (vehicle_id, feature) values ('2b8e3336-cdca-4ce8-a0f5-6aa53934a3d0', 'TRACTION_CONTROL');
insert into auto_vehicle_feature (vehicle_id, feature) values ('2b8e3336-cdca-4ce8-a0f5-6aa53934a3d0', 'USB');
insert into auto_vehicle_feature (vehicle_id, feature) values ('2b8e3336-cdca-4ce8-a0f5-6aa53934a3d0', 'KEYLESS_CENTRAL_DOOR_LOCK');
insert into auto_vehicle_feature (vehicle_id, feature) values ('2b8e3336-cdca-4ce8-a0f5-6aa53934a3d0', 'ALARM_SYSTEM');
insert into auto_vehicle_feature (vehicle_id, feature) values ('2b8e3336-cdca-4ce8-a0f5-6aa53934a3d0', 'BLIND_SPOT_MONITOR');
insert into auto_vehicle_feature (vehicle_id, feature) values ('2b8e3336-cdca-4ce8-a0f5-6aa53934a3d0', 'ADAPTIVE_CRUISE_CONTROL');
insert into auto_vehicle_feature (vehicle_id, feature) values ('2b8e3336-cdca-4ce8-a0f5-6aa53934a3d0', 'ELECTRIC_TAILGATE');
insert into auto_vehicle_feature (vehicle_id, feature) values ('2b8e3336-cdca-4ce8-a0f5-6aa53934a3d0', 'ALLOY_WHEELS');
insert into auto_vehicle_feature (vehicle_id, feature) values ('2b8e3336-cdca-4ce8-a0f5-6aa53934a3d0', 'ELECTRICAL_SIDE_MIRRORS');
insert into auto_vehicle_feature (vehicle_id, feature) values ('2b8e3336-cdca-4ce8-a0f5-6aa53934a3d0', 'NIGHT_VIEW_ASSIST');
insert into auto_vehicle_feature (vehicle_id, feature) values ('3e06762c-e6b5-44fc-bf75-271f28b17915', 'SHIFT_PADDLES');
insert into auto_vehicle_feature (vehicle_id, feature) values ('3e06762c-e6b5-44fc-bf75-271f28b17915', 'PARKING_ASSIST_SYSTEM_SENSORS_REAR');
insert into auto_vehicle_feature (vehicle_id, feature) values ('3e06762c-e6b5-44fc-bf75-271f28b17915', 'ELECTRICALLY_HEATED_WINDSHIELD');
insert into auto_vehicle_feature (vehicle_id, feature) values ('3e06762c-e6b5-44fc-bf75-271f28b17915', 'ARMREST');
insert into auto_vehicle_feature (vehicle_id, feature) values ('3e06762c-e6b5-44fc-bf75-271f28b17915', 'BLUETOOTH');
insert into auto_vehicle_feature (vehicle_id, feature) values ('cf4d6bd3-5bb9-44c6-8744-db0505aad462', 'XENON_HEADLIGHTS');
insert into auto_vehicle_feature (vehicle_id, feature) values ('cf4d6bd3-5bb9-44c6-8744-db0505aad462', 'ELECTRICALLY_ADJUSTABLE_SEATS');
insert into auto_vehicle_feature (vehicle_id, feature) values ('cf4d6bd3-5bb9-44c6-8744-db0505aad462', 'ADAPTIVE_CRUISE_CONTROL');
insert into auto_vehicle_feature (vehicle_id, feature) values ('cf4d6bd3-5bb9-44c6-8744-db0505aad462', 'SLIDING_DOOR');
insert into auto_vehicle_feature (vehicle_id, feature) values ('cf4d6bd3-5bb9-44c6-8744-db0505aad462', 'HEADS_UP_DISPLAY');
insert into auto_vehicle_feature (vehicle_id, feature) values ('cf4d6bd3-5bb9-44c6-8744-db0505aad462', 'ELECTRICAL_SIDE_MIRRORS');
insert into auto_vehicle_feature (vehicle_id, feature) values ('cf4d6bd3-5bb9-44c6-8744-db0505aad462', 'PARKING_ASSIST_SYSTEM_SENSORS_FRONT');
insert into auto_vehicle_feature (vehicle_id, feature) values ('cf4d6bd3-5bb9-44c6-8744-db0505aad462', 'POWER_STEERING');
insert into auto_vehicle_feature (vehicle_id, feature) values ('cf4d6bd3-5bb9-44c6-8744-db0505aad462', 'IMMOBILIZER');
insert into auto_vehicle_feature (vehicle_id, feature) values ('cf4d6bd3-5bb9-44c6-8744-db0505aad462', 'MASSAGE_SEATS');
insert into auto_vehicle_feature (vehicle_id, feature) values ('cf4d6bd3-5bb9-44c6-8744-db0505aad462', 'SPORT_SEATS');
insert into auto_vehicle_feature (vehicle_id, feature) values ('cf4d6bd3-5bb9-44c6-8744-db0505aad462', 'SUNROOF');
insert into auto_vehicle_feature (vehicle_id, feature) values ('cf4d6bd3-5bb9-44c6-8744-db0505aad462', 'PARKING_ASSIST_SYSTEM_CAMERA');
insert into auto_vehicle_feature (vehicle_id, feature) values ('cf4d6bd3-5bb9-44c6-8744-db0505aad462', 'ELECTRIC_TAILGATE');
insert into auto_vehicle_feature (vehicle_id, feature) values ('0c4b81b2-c9c3-41da-803c-d688bfa4e4bb', 'PARKING_ASSIST_SYSTEM_SENSORS_FRONT');
insert into auto_vehicle_feature (vehicle_id, feature) values ('0c4b81b2-c9c3-41da-803c-d688bfa4e4bb', 'VOICE_CONTROL');
insert into auto_vehicle_feature (vehicle_id, feature) values ('0c4b81b2-c9c3-41da-803c-d688bfa4e4bb', 'SLIDING_DOOR');
insert into auto_vehicle_feature (vehicle_id, feature) values ('0c4b81b2-c9c3-41da-803c-d688bfa4e4bb', 'SKI_BAG');
insert into auto_vehicle_feature (vehicle_id, feature) values ('0c4b81b2-c9c3-41da-803c-d688bfa4e4bb', 'TRAILER_HITCH');
insert into auto_vehicle_feature (vehicle_id, feature) values ('0c4b81b2-c9c3-41da-803c-d688bfa4e4bb', 'ISOFIX');
insert into auto_vehicle_feature (vehicle_id, feature) values ('0c4b81b2-c9c3-41da-803c-d688bfa4e4bb', 'PARTICULATE_FILTER');
insert into auto_vehicle_feature (vehicle_id, feature) values ('0c4b81b2-c9c3-41da-803c-d688bfa4e4bb', 'SIDE_AIRBAG');
insert into auto_vehicle_feature (vehicle_id, feature) values ('0c4b81b2-c9c3-41da-803c-d688bfa4e4bb', 'ADAPTIVE_HEADLIGHTS');
insert into auto_vehicle_feature (vehicle_id, feature) values ('0c4b81b2-c9c3-41da-803c-d688bfa4e4bb', 'XENON_HEADLIGHTS');
insert into auto_vehicle_feature (vehicle_id, feature) values ('0c4b81b2-c9c3-41da-803c-d688bfa4e4bb', 'SKI_BAG');
insert into auto_vehicle_feature (vehicle_id, feature) values ('6b2a1916-d934-4d91-a617-74a8bd69dde8', 'SKI_BAG');
insert into auto_vehicle_feature (vehicle_id, feature) values ('6b2a1916-d934-4d91-a617-74a8bd69dde8', 'SHIFT_PADDLES');
insert into auto_vehicle_feature (vehicle_id, feature) values ('6b2a1916-d934-4d91-a617-74a8bd69dde8', 'ON_BOARD_COMPUTER');
insert into auto_vehicle_feature (vehicle_id, feature) values ('6b2a1916-d934-4d91-a617-74a8bd69dde8', 'XENON_HEADLIGHTS');
insert into auto_vehicle_feature (vehicle_id, feature) values ('6b2a1916-d934-4d91-a617-74a8bd69dde8', 'ROOF_RACK');
insert into auto_vehicle_feature (vehicle_id, feature) values ('6b2a1916-d934-4d91-a617-74a8bd69dde8', 'ADAPTIVE_CRUISE_CONTROL');
insert into auto_vehicle_feature (vehicle_id, feature) values ('6b2a1916-d934-4d91-a617-74a8bd69dde8', 'AUXILIARY_HEATING');
insert into auto_vehicle_feature (vehicle_id, feature) values ('6b2a1916-d934-4d91-a617-74a8bd69dde8', 'ADAPTIVE_HEADLIGHTS');
insert into auto_vehicle_feature (vehicle_id, feature) values ('6b2a1916-d934-4d91-a617-74a8bd69dde8', 'SHIFT_PADDLES');
insert into auto_vehicle_feature (vehicle_id, feature) values ('6b2a1916-d934-4d91-a617-74a8bd69dde8', 'FOG_LIGHTS');
insert into auto_vehicle_feature (vehicle_id, feature) values ('3d8f7164-6f84-41f7-85a6-4b01e7a1ed31', 'ALARM_SYSTEM');
insert into auto_vehicle_feature (vehicle_id, feature) values ('3d8f7164-6f84-41f7-85a6-4b01e7a1ed31', 'SPORT_PACKAGE');
insert into auto_vehicle_feature (vehicle_id, feature) values ('3d8f7164-6f84-41f7-85a6-4b01e7a1ed31', 'MASSAGE_SEATS');
insert into auto_vehicle_feature (vehicle_id, feature) values ('3d8f7164-6f84-41f7-85a6-4b01e7a1ed31', 'WITH_FULL_SERVICE_HISTORY');
insert into auto_vehicle_feature (vehicle_id, feature) values ('3d8f7164-6f84-41f7-85a6-4b01e7a1ed31', 'TRAILER_HITCH');
insert into auto_vehicle_feature (vehicle_id, feature) values ('3d8f7164-6f84-41f7-85a6-4b01e7a1ed31', 'LEATHER_STEERING_WHEEL');
insert into auto_vehicle_feature (vehicle_id, feature) values ('d0e92f32-47fd-4894-b447-002776840d21', 'ARMREST');
insert into auto_vehicle_feature (vehicle_id, feature) values ('d0e92f32-47fd-4894-b447-002776840d21', 'ALLOY_WHEELS');
insert into auto_vehicle_feature (vehicle_id, feature) values ('d0e92f32-47fd-4894-b447-002776840d21', 'RADIO');
insert into auto_vehicle_feature (vehicle_id, feature) values ('d0e92f32-47fd-4894-b447-002776840d21', 'ISOFIX');
insert into auto_vehicle_feature (vehicle_id, feature) values ('d0e92f32-47fd-4894-b447-002776840d21', 'TRACTION_CONTROL');
insert into auto_vehicle_feature (vehicle_id, feature) values ('d0e92f32-47fd-4894-b447-002776840d21', 'BLIND_SPOT_MONITOR');
insert into auto_vehicle_feature (vehicle_id, feature) values ('d0af2b56-ceae-47ba-a857-534ebfe1a389', 'ISOFIX');
insert into auto_vehicle_feature (vehicle_id, feature) values ('d0af2b56-ceae-47ba-a857-534ebfe1a389', 'LEATHER_STEERING_WHEEL');
insert into auto_vehicle_feature (vehicle_id, feature) values ('d0af2b56-ceae-47ba-a857-534ebfe1a389', 'SOUND_SYSTEM');
insert into auto_vehicle_feature (vehicle_id, feature) values ('d0af2b56-ceae-47ba-a857-534ebfe1a389', 'DAYTIME_RUNNING_LIGHTS');
insert into auto_vehicle_feature (vehicle_id, feature) values ('d0af2b56-ceae-47ba-a857-534ebfe1a389', 'TELEVISION');
insert into auto_vehicle_feature (vehicle_id, feature) values ('d0af2b56-ceae-47ba-a857-534ebfe1a389', 'MULTI_FUNCTION_STEERING_WHEEL');
insert into auto_vehicle_feature (vehicle_id, feature) values ('3f30fe01-2549-49d1-afea-271ef043a7f6', 'PARKING_ASSIST_SYSTEM_SELF_STEERING');
insert into auto_vehicle_feature (vehicle_id, feature) values ('3f30fe01-2549-49d1-afea-271ef043a7f6', 'SIDE_AIRBAG');
insert into auto_vehicle_feature (vehicle_id, feature) values ('3f30fe01-2549-49d1-afea-271ef043a7f6', 'RAIN_SENSOR');
insert into auto_vehicle_feature (vehicle_id, feature) values ('3f30fe01-2549-49d1-afea-271ef043a7f6', 'POWER_WINDOWS');
insert into auto_vehicle_feature (vehicle_id, feature) values ('3f30fe01-2549-49d1-afea-271ef043a7f6', 'RAIN_SENSOR');
insert into auto_vehicle_feature (vehicle_id, feature) values ('3f30fe01-2549-49d1-afea-271ef043a7f6', 'TELEVISION');
insert into auto_vehicle_feature (vehicle_id, feature) values ('3f30fe01-2549-49d1-afea-271ef043a7f6', 'TRAILER_HITCH');
insert into auto_vehicle_feature (vehicle_id, feature) values ('3f30fe01-2549-49d1-afea-271ef043a7f6', 'SEAT_VENTILATION');
insert into auto_vehicle_feature (vehicle_id, feature) values ('3f30fe01-2549-49d1-afea-271ef043a7f6', 'ELECTRICALLY_HEATED_WINDSHIELD');
insert into auto_vehicle_feature (vehicle_id, feature) values ('3f30fe01-2549-49d1-afea-271ef043a7f6', 'GUARANTEE');
insert into auto_vehicle_feature (vehicle_id, feature) values ('6b8630e0-442a-44a0-8df2-66e1f7a1faf4', 'ELECTRICALLY_HEATED_WINDSHIELD');
insert into auto_vehicle_feature (vehicle_id, feature) values ('6b8630e0-442a-44a0-8df2-66e1f7a1faf4', 'LIGHT_SENSOR');
insert into auto_vehicle_feature (vehicle_id, feature) values ('6b8630e0-442a-44a0-8df2-66e1f7a1faf4', 'HEADS_UP_DISPLAY');
insert into auto_vehicle_feature (vehicle_id, feature) values ('6b8630e0-442a-44a0-8df2-66e1f7a1faf4', 'LIGHT_SENSOR');
insert into auto_vehicle_feature (vehicle_id, feature) values ('6b8630e0-442a-44a0-8df2-66e1f7a1faf4', 'LED_HEADLIGHTS');
insert into auto_vehicle_feature (vehicle_id, feature) values ('6b8630e0-442a-44a0-8df2-66e1f7a1faf4', 'ON_BOARD_COMPUTER');
insert into auto_vehicle_feature (vehicle_id, feature) values ('6b8630e0-442a-44a0-8df2-66e1f7a1faf4', 'LIGHT_SENSOR');
insert into auto_vehicle_feature (vehicle_id, feature) values ('371346cb-10a3-4b97-92b0-9902a4b7c51b', 'ELECTRONIC_STABILITY_CONTROL');
insert into auto_vehicle_feature (vehicle_id, feature) values ('371346cb-10a3-4b97-92b0-9902a4b7c51b', 'NIGHT_VIEW_ASSIST');
insert into auto_vehicle_feature (vehicle_id, feature) values ('371346cb-10a3-4b97-92b0-9902a4b7c51b', 'MP3');
insert into auto_vehicle_feature (vehicle_id, feature) values ('371346cb-10a3-4b97-92b0-9902a4b7c51b', 'SEAT_VENTILATION');
insert into auto_vehicle_feature (vehicle_id, feature) values ('371346cb-10a3-4b97-92b0-9902a4b7c51b', 'SIDE_AIRBAG');
insert into auto_vehicle_feature (vehicle_id, feature) values ('371346cb-10a3-4b97-92b0-9902a4b7c51b', 'CRUISE_CONTROL');
insert into auto_vehicle_feature (vehicle_id, feature) values ('371346cb-10a3-4b97-92b0-9902a4b7c51b', 'NON_SMOKING_VEHICLE');
insert into auto_vehicle_feature (vehicle_id, feature) values ('371346cb-10a3-4b97-92b0-9902a4b7c51b', 'TRACTION_CONTROL');
insert into auto_vehicle_feature (vehicle_id, feature) values ('371346cb-10a3-4b97-92b0-9902a4b7c51b', 'PANORAMA_ROOF');
insert into auto_vehicle_feature (vehicle_id, feature) values ('371346cb-10a3-4b97-92b0-9902a4b7c51b', 'PARKING_ASSIST_SYSTEM_SELF_STEERING');
insert into auto_vehicle_feature (vehicle_id, feature) values ('371346cb-10a3-4b97-92b0-9902a4b7c51b', 'DIGITAL_RADIO');
insert into auto_vehicle_feature (vehicle_id, feature) values ('371346cb-10a3-4b97-92b0-9902a4b7c51b', 'AUXILIARY_HEATING');
insert into auto_vehicle_feature (vehicle_id, feature) values ('371346cb-10a3-4b97-92b0-9902a4b7c51b', 'HEADS_UP_DISPLAY');
insert into auto_vehicle_feature (vehicle_id, feature) values ('371346cb-10a3-4b97-92b0-9902a4b7c51b', 'HANDICAPPED_ENABLED');
insert into auto_vehicle_feature (vehicle_id, feature) values ('02e11a66-69f8-4399-a160-61409e2d71a1', 'ARMREST');
insert into auto_vehicle_feature (vehicle_id, feature) values ('02e11a66-69f8-4399-a160-61409e2d71a1', 'EMERGENCY_SYSTEM');
insert into auto_vehicle_feature (vehicle_id, feature) values ('02e11a66-69f8-4399-a160-61409e2d71a1', 'BLIND_SPOT_MONITOR');
insert into auto_vehicle_feature (vehicle_id, feature) values ('02e11a66-69f8-4399-a160-61409e2d71a1', 'LED_DAYTIME_RUNNING_LIGHTS');
insert into auto_vehicle_feature (vehicle_id, feature) values ('02e11a66-69f8-4399-a160-61409e2d71a1', 'SHIFT_PADDLES');
insert into auto_vehicle_feature (vehicle_id, feature) values ('02e11a66-69f8-4399-a160-61409e2d71a1', 'DIGITAL_RADIO');
insert into auto_vehicle_feature (vehicle_id, feature) values ('02e11a66-69f8-4399-a160-61409e2d71a1', 'LED_DAYTIME_RUNNING_LIGHTS');
insert into auto_vehicle_feature (vehicle_id, feature) values ('02e11a66-69f8-4399-a160-61409e2d71a1', 'SKI_BAG');
insert into auto_vehicle_feature (vehicle_id, feature) values ('b3915527-1b41-4bb2-bb20-b8b3e0b433f2', 'ABS');
insert into auto_vehicle_feature (vehicle_id, feature) values ('b3915527-1b41-4bb2-bb20-b8b3e0b433f2', 'ELECTRICALLY_HEATED_WINDSHIELD');
insert into auto_vehicle_feature (vehicle_id, feature) values ('b3915527-1b41-4bb2-bb20-b8b3e0b433f2', 'ELECTRICALLY_ADJUSTABLE_SEATS');
insert into auto_vehicle_feature (vehicle_id, feature) values ('b3915527-1b41-4bb2-bb20-b8b3e0b433f2', 'SOUND_SYSTEM');
insert into auto_vehicle_feature (vehicle_id, feature) values ('b3915527-1b41-4bb2-bb20-b8b3e0b433f2', 'ADAPTIVE_HEADLIGHTS');
insert into auto_vehicle_feature (vehicle_id, feature) values ('b3915527-1b41-4bb2-bb20-b8b3e0b433f2', 'POWER_WINDOWS');
insert into auto_vehicle_feature (vehicle_id, feature) values ('b3915527-1b41-4bb2-bb20-b8b3e0b433f2', 'LEATHER_STEERING_WHEEL');
insert into auto_vehicle_feature (vehicle_id, feature) values ('b3915527-1b41-4bb2-bb20-b8b3e0b433f2', 'WITH_FULL_SERVICE_HISTORY');
insert into auto_vehicle_feature (vehicle_id, feature) values ('b3915527-1b41-4bb2-bb20-b8b3e0b433f2', 'ARMREST');
insert into auto_vehicle_feature (vehicle_id, feature) values ('b3915527-1b41-4bb2-bb20-b8b3e0b433f2', 'AIR_SUSPENSION');
insert into auto_vehicle_feature (vehicle_id, feature) values ('b3915527-1b41-4bb2-bb20-b8b3e0b433f2', 'TELEVISION');
insert into auto_vehicle_feature (vehicle_id, feature) values ('b3915527-1b41-4bb2-bb20-b8b3e0b433f2', 'HEATED_STEERING_WHEEL');
insert into auto_vehicle_feature (vehicle_id, feature) values ('b3915527-1b41-4bb2-bb20-b8b3e0b433f2', 'PARKING_ASSIST_SYSTEM_CAMERA');
insert into auto_vehicle_feature (vehicle_id, feature) values ('b3915527-1b41-4bb2-bb20-b8b3e0b433f2', 'NON_SMOKING_VEHICLE');
insert into auto_vehicle_feature (vehicle_id, feature) values ('4d36ebd6-95f2-47ac-bc46-0ea07e00c751', 'MP3');
insert into auto_vehicle_feature (vehicle_id, feature) values ('4d36ebd6-95f2-47ac-bc46-0ea07e00c751', 'CENTRAL_DOOR_LOCK');
insert into auto_vehicle_feature (vehicle_id, feature) values ('4d36ebd6-95f2-47ac-bc46-0ea07e00c751', 'METALLIC');
insert into auto_vehicle_feature (vehicle_id, feature) values ('4d36ebd6-95f2-47ac-bc46-0ea07e00c751', 'DIGITAL_RADIO');
insert into auto_vehicle_feature (vehicle_id, feature) values ('4d36ebd6-95f2-47ac-bc46-0ea07e00c751', 'RAIN_SENSOR');
insert into auto_vehicle_feature (vehicle_id, feature) values ('4d36ebd6-95f2-47ac-bc46-0ea07e00c751', 'MASSAGE_SEATS');
insert into auto_vehicle_feature (vehicle_id, feature) values ('4d36ebd6-95f2-47ac-bc46-0ea07e00c751', 'ISOFIX');
insert into auto_vehicle_feature (vehicle_id, feature) values ('4d36ebd6-95f2-47ac-bc46-0ea07e00c751', 'POWER_STEERING');
insert into auto_vehicle_feature (vehicle_id, feature) values ('4d36ebd6-95f2-47ac-bc46-0ea07e00c751', 'ARMREST');
insert into auto_vehicle_feature (vehicle_id, feature) values ('4d36ebd6-95f2-47ac-bc46-0ea07e00c751', 'AIR_CONDITIONING');
insert into auto_vehicle_feature (vehicle_id, feature) values ('4d36ebd6-95f2-47ac-bc46-0ea07e00c751', 'EMERGENCY_SYSTEM');
insert into auto_vehicle_feature (vehicle_id, feature) values ('d9342ea8-aafc-4de2-ba43-b3b9b31a08ce', 'KEYLESS_CENTRAL_DOOR_LOCK');
insert into auto_vehicle_feature (vehicle_id, feature) values ('d9342ea8-aafc-4de2-ba43-b3b9b31a08ce', 'TRAILER_HITCH');
insert into auto_vehicle_feature (vehicle_id, feature) values ('d9342ea8-aafc-4de2-ba43-b3b9b31a08ce', 'START_STOP_SYSTEM');
insert into auto_vehicle_feature (vehicle_id, feature) values ('d9342ea8-aafc-4de2-ba43-b3b9b31a08ce', 'TIRE_PRESSURE_MONITORING_SYSTEM');
insert into auto_vehicle_feature (vehicle_id, feature) values ('d9342ea8-aafc-4de2-ba43-b3b9b31a08ce', 'PARKING_ASSIST_SYSTEM_SENSORS_REAR');
insert into auto_vehicle_feature (vehicle_id, feature) values ('d9342ea8-aafc-4de2-ba43-b3b9b31a08ce', 'AIR_CONDITIONING');
insert into auto_vehicle_feature (vehicle_id, feature) values ('d9342ea8-aafc-4de2-ba43-b3b9b31a08ce', 'MASSAGE_SEATS');
insert into auto_vehicle_feature (vehicle_id, feature) values ('d9342ea8-aafc-4de2-ba43-b3b9b31a08ce', 'SIDE_AIRBAG');
insert into auto_vehicle_feature (vehicle_id, feature) values ('d9342ea8-aafc-4de2-ba43-b3b9b31a08ce', 'LIGHT_SENSOR');
insert into auto_vehicle_feature (vehicle_id, feature) values ('d9342ea8-aafc-4de2-ba43-b3b9b31a08ce', 'AUXILIARY_HEATING');
insert into auto_vehicle_feature (vehicle_id, feature) values ('4b727492-4651-44af-bc94-e239f8b4e236', 'CRUISE_CONTROL');
insert into auto_vehicle_feature (vehicle_id, feature) values ('4b727492-4651-44af-bc94-e239f8b4e236', 'LUMBAR_SUPPORT');
insert into auto_vehicle_feature (vehicle_id, feature) values ('4b727492-4651-44af-bc94-e239f8b4e236', 'RAIN_SENSOR');
insert into auto_vehicle_feature (vehicle_id, feature) values ('4b727492-4651-44af-bc94-e239f8b4e236', 'LUMBAR_SUPPORT');
insert into auto_vehicle_feature (vehicle_id, feature) values ('4b727492-4651-44af-bc94-e239f8b4e236', 'PANORAMA_ROOF');
insert into auto_vehicle_feature (vehicle_id, feature) values ('4b727492-4651-44af-bc94-e239f8b4e236', 'TRACTION_CONTROL');
insert into auto_vehicle_feature (vehicle_id, feature) values ('4b727492-4651-44af-bc94-e239f8b4e236', 'ON_BOARD_COMPUTER');
insert into auto_vehicle_feature (vehicle_id, feature) values ('4b727492-4651-44af-bc94-e239f8b4e236', 'PARKING_ASSIST_SYSTEM_SELF_STEERING');
insert into auto_vehicle_feature (vehicle_id, feature) values ('4b727492-4651-44af-bc94-e239f8b4e236', 'LANE_DEPARTURE_WARNING_SYSTEM');
insert into auto_vehicle_feature (vehicle_id, feature) values ('4b727492-4651-44af-bc94-e239f8b4e236', 'SPORT_SUSPENSION');
insert into auto_vehicle_feature (vehicle_id, feature) values ('4b727492-4651-44af-bc94-e239f8b4e236', 'TRAFFIC_SIGN_RECOGNITION');
insert into auto_vehicle_feature (vehicle_id, feature) values ('4b727492-4651-44af-bc94-e239f8b4e236', 'MULTI_FUNCTION_STEERING_WHEEL');
insert into auto_vehicle_feature (vehicle_id, feature) values ('4b727492-4651-44af-bc94-e239f8b4e236', 'POWER_STEERING');
insert into auto_vehicle_feature (vehicle_id, feature) values ('4b727492-4651-44af-bc94-e239f8b4e236', 'WITH_FULL_SERVICE_HISTORY');
insert into auto_vehicle_feature (vehicle_id, feature) values ('4a7d0c17-64b6-4d87-a7b3-cb9f52597e4b', 'IMMOBILIZER');
insert into auto_vehicle_feature (vehicle_id, feature) values ('4a7d0c17-64b6-4d87-a7b3-cb9f52597e4b', 'BLUETOOTH');
insert into auto_vehicle_feature (vehicle_id, feature) values ('4a7d0c17-64b6-4d87-a7b3-cb9f52597e4b', 'RAIN_SENSOR');
insert into auto_vehicle_feature (vehicle_id, feature) values ('4a7d0c17-64b6-4d87-a7b3-cb9f52597e4b', 'EMERGENCY_BRAKE_ASSISTANT');
insert into auto_vehicle_feature (vehicle_id, feature) values ('4a7d0c17-64b6-4d87-a7b3-cb9f52597e4b', 'ALLOY_WHEELS');
insert into auto_vehicle_feature (vehicle_id, feature) values ('4a7d0c17-64b6-4d87-a7b3-cb9f52597e4b', 'ELECTRICAL_SIDE_MIRRORS');
insert into auto_vehicle_feature (vehicle_id, feature) values ('4a7d0c17-64b6-4d87-a7b3-cb9f52597e4b', 'TELEVISION');
insert into auto_vehicle_feature (vehicle_id, feature) values ('4a7d0c17-64b6-4d87-a7b3-cb9f52597e4b', 'SHIFT_PADDLES');
insert into auto_vehicle_feature (vehicle_id, feature) values ('4a7d0c17-64b6-4d87-a7b3-cb9f52597e4b', 'START_STOP_SYSTEM');
insert into auto_vehicle_feature (vehicle_id, feature) values ('4a7d0c17-64b6-4d87-a7b3-cb9f52597e4b', 'ELECTRICALLY_HEATED_WINDSHIELD');
insert into auto_vehicle_feature (vehicle_id, feature) values ('6b259f92-8d52-4929-9559-bd9d30573468', 'DRIVER_DROWSINESS_DETECTION');
insert into auto_vehicle_feature (vehicle_id, feature) values ('6b259f92-8d52-4929-9559-bd9d30573468', 'MASSAGE_SEATS');
insert into auto_vehicle_feature (vehicle_id, feature) values ('6b259f92-8d52-4929-9559-bd9d30573468', 'PARKING_ASSIST_SYSTEM_SENSORS_REAR');
insert into auto_vehicle_feature (vehicle_id, feature) values ('6b259f92-8d52-4929-9559-bd9d30573468', 'TELEVISION');
insert into auto_vehicle_feature (vehicle_id, feature) values ('6b259f92-8d52-4929-9559-bd9d30573468', 'TRAFFIC_SIGN_RECOGNITION');
insert into auto_vehicle_feature (vehicle_id, feature) values ('6b259f92-8d52-4929-9559-bd9d30573468', 'PARKING_ASSIST_SYSTEM_CAMERA');
insert into auto_vehicle_feature (vehicle_id, feature) values ('6b259f92-8d52-4929-9559-bd9d30573468', 'PASSENGER_SIDE_AIRBAG');
insert into auto_vehicle_feature (vehicle_id, feature) values ('6b259f92-8d52-4929-9559-bd9d30573468', 'DIGITAL_RADIO');
insert into auto_vehicle_feature (vehicle_id, feature) values ('6b259f92-8d52-4929-9559-bd9d30573468', 'KEYLESS_CENTRAL_DOOR_LOCK');
insert into auto_vehicle_feature (vehicle_id, feature) values ('6b259f92-8d52-4929-9559-bd9d30573468', 'RADIO');
insert into auto_vehicle_feature (vehicle_id, feature) values ('6b259f92-8d52-4929-9559-bd9d30573468', 'ON_BOARD_COMPUTER');
insert into auto_vehicle_feature (vehicle_id, feature) values ('6b259f92-8d52-4929-9559-bd9d30573468', 'HILL_HOLDER');
insert into auto_vehicle_feature (vehicle_id, feature) values ('6b259f92-8d52-4929-9559-bd9d30573468', 'ADAPTIVE_HEADLIGHTS');
insert into auto_vehicle_feature (vehicle_id, feature) values ('003093e7-bdc0-45bf-ab98-04b315b0106b', 'ROOF_RACK');
insert into auto_vehicle_feature (vehicle_id, feature) values ('003093e7-bdc0-45bf-ab98-04b315b0106b', 'LANE_DEPARTURE_WARNING_SYSTEM');
insert into auto_vehicle_feature (vehicle_id, feature) values ('003093e7-bdc0-45bf-ab98-04b315b0106b', 'ELECTRONIC_STABILITY_CONTROL');
insert into auto_vehicle_feature (vehicle_id, feature) values ('003093e7-bdc0-45bf-ab98-04b315b0106b', 'ELECTRONIC_STABILITY_CONTROL');
insert into auto_vehicle_feature (vehicle_id, feature) values ('003093e7-bdc0-45bf-ab98-04b315b0106b', 'CD_PLAYER');
insert into auto_vehicle_feature (vehicle_id, feature) values ('003093e7-bdc0-45bf-ab98-04b315b0106b', 'ALARM_SYSTEM');
insert into auto_vehicle_feature (vehicle_id, feature) values ('003093e7-bdc0-45bf-ab98-04b315b0106b', 'MASSAGE_SEATS');
insert into auto_vehicle_feature (vehicle_id, feature) values ('003093e7-bdc0-45bf-ab98-04b315b0106b', 'PARKING_ASSIST_SYSTEM_CAMERA');
insert into auto_vehicle_feature (vehicle_id, feature) values ('003093e7-bdc0-45bf-ab98-04b315b0106b', 'FOG_LIGHTS');
insert into auto_vehicle_feature (vehicle_id, feature) values ('003093e7-bdc0-45bf-ab98-04b315b0106b', 'SPORT_PACKAGE');
insert into auto_vehicle_feature (vehicle_id, feature) values ('23624411-9acb-45f7-a8d1-bfe7af888fca', 'RAIN_SENSOR');
insert into auto_vehicle_feature (vehicle_id, feature) values ('23624411-9acb-45f7-a8d1-bfe7af888fca', 'TOUCH_SCREEN');
insert into auto_vehicle_feature (vehicle_id, feature) values ('23624411-9acb-45f7-a8d1-bfe7af888fca', 'IMMOBILIZER');
insert into auto_vehicle_feature (vehicle_id, feature) values ('23624411-9acb-45f7-a8d1-bfe7af888fca', 'AUTOMATIC_CLIMATE_CONTROL');
insert into auto_vehicle_feature (vehicle_id, feature) values ('23624411-9acb-45f7-a8d1-bfe7af888fca', 'ADAPTIVE_HEADLIGHTS');
insert into auto_vehicle_feature (vehicle_id, feature) values ('e3b0cc7c-e37a-4740-b6cd-8b77fe01ca53', 'DRIVER_DROWSINESS_DETECTION');
insert into auto_vehicle_feature (vehicle_id, feature) values ('e3b0cc7c-e37a-4740-b6cd-8b77fe01ca53', 'DRIVER_SIDE_AIRBAG');
insert into auto_vehicle_feature (vehicle_id, feature) values ('e3b0cc7c-e37a-4740-b6cd-8b77fe01ca53', 'CD_PLAYER');
insert into auto_vehicle_feature (vehicle_id, feature) values ('e3b0cc7c-e37a-4740-b6cd-8b77fe01ca53', 'DRIVER_DROWSINESS_DETECTION');
insert into auto_vehicle_feature (vehicle_id, feature) values ('e3b0cc7c-e37a-4740-b6cd-8b77fe01ca53', 'USB');
insert into auto_vehicle_feature (vehicle_id, feature) values ('e3b0cc7c-e37a-4740-b6cd-8b77fe01ca53', 'SUNROOF');
insert into auto_vehicle_feature (vehicle_id, feature) values ('e3b0cc7c-e37a-4740-b6cd-8b77fe01ca53', 'AIR_CONDITIONING');
insert into auto_vehicle_feature (vehicle_id, feature) values ('e3b0cc7c-e37a-4740-b6cd-8b77fe01ca53', 'ALLOY_WHEELS');
insert into auto_vehicle_feature (vehicle_id, feature) values ('e3b0cc7c-e37a-4740-b6cd-8b77fe01ca53', 'PASSENGER_SIDE_AIRBAG');
insert into auto_vehicle_feature (vehicle_id, feature) values ('25116eaa-4244-42e9-90dc-07265cb48581', 'ELECTRIC_TAILGATE');
insert into auto_vehicle_feature (vehicle_id, feature) values ('25116eaa-4244-42e9-90dc-07265cb48581', 'MULTI_FUNCTION_STEERING_WHEEL');
insert into auto_vehicle_feature (vehicle_id, feature) values ('25116eaa-4244-42e9-90dc-07265cb48581', 'START_STOP_SYSTEM');
insert into auto_vehicle_feature (vehicle_id, feature) values ('25116eaa-4244-42e9-90dc-07265cb48581', 'DRIVER_DROWSINESS_DETECTION');
insert into auto_vehicle_feature (vehicle_id, feature) values ('25116eaa-4244-42e9-90dc-07265cb48581', 'PARKING_ASSIST_SYSTEM_CAMERA');
insert into auto_vehicle_feature (vehicle_id, feature) values ('25116eaa-4244-42e9-90dc-07265cb48581', 'SPORT_SUSPENSION');
insert into auto_vehicle_feature (vehicle_id, feature) values ('25116eaa-4244-42e9-90dc-07265cb48581', 'HEATED_STEERING_WHEEL');
insert into auto_vehicle_feature (vehicle_id, feature) values ('25116eaa-4244-42e9-90dc-07265cb48581', 'METALLIC');
insert into auto_vehicle_feature (vehicle_id, feature) values ('25116eaa-4244-42e9-90dc-07265cb48581', 'PARTICULATE_FILTER');
insert into auto_vehicle_feature (vehicle_id, feature) values ('25116eaa-4244-42e9-90dc-07265cb48581', 'SKI_BAG');
insert into auto_vehicle_feature (vehicle_id, feature) values ('25116eaa-4244-42e9-90dc-07265cb48581', 'LEATHER_STEERING_WHEEL');
insert into auto_vehicle_feature (vehicle_id, feature) values ('321aecbf-ca3e-4fa1-9b8a-0282a68a7096', 'CD_PLAYER');
insert into auto_vehicle_feature (vehicle_id, feature) values ('321aecbf-ca3e-4fa1-9b8a-0282a68a7096', 'TOUCH_SCREEN');
insert into auto_vehicle_feature (vehicle_id, feature) values ('321aecbf-ca3e-4fa1-9b8a-0282a68a7096', 'TIRE_PRESSURE_MONITORING_SYSTEM');
insert into auto_vehicle_feature (vehicle_id, feature) values ('321aecbf-ca3e-4fa1-9b8a-0282a68a7096', 'EMERGENCY_BRAKE_ASSISTANT');
insert into auto_vehicle_feature (vehicle_id, feature) values ('321aecbf-ca3e-4fa1-9b8a-0282a68a7096', 'ABS');
insert into auto_vehicle_feature (vehicle_id, feature) values ('321aecbf-ca3e-4fa1-9b8a-0282a68a7096', 'AUTOMATIC_CLIMATE_CONTROL');
insert into auto_vehicle_feature (vehicle_id, feature) values ('321aecbf-ca3e-4fa1-9b8a-0282a68a7096', 'TELEVISION');
insert into auto_vehicle_feature (vehicle_id, feature) values ('321aecbf-ca3e-4fa1-9b8a-0282a68a7096', 'USB');
insert into auto_vehicle_feature (vehicle_id, feature) values ('075df99f-76ea-499a-b065-2bbea11f7440', 'ON_BOARD_COMPUTER');
insert into auto_vehicle_feature (vehicle_id, feature) values ('075df99f-76ea-499a-b065-2bbea11f7440', 'TIRE_PRESSURE_MONITORING_SYSTEM');
insert into auto_vehicle_feature (vehicle_id, feature) values ('075df99f-76ea-499a-b065-2bbea11f7440', 'TOUCH_SCREEN');
insert into auto_vehicle_feature (vehicle_id, feature) values ('075df99f-76ea-499a-b065-2bbea11f7440', 'LUMBAR_SUPPORT');
insert into auto_vehicle_feature (vehicle_id, feature) values ('075df99f-76ea-499a-b065-2bbea11f7440', 'CD_PLAYER');
insert into auto_vehicle_feature (vehicle_id, feature) values ('075df99f-76ea-499a-b065-2bbea11f7440', 'VOICE_CONTROL');
insert into auto_vehicle_feature (vehicle_id, feature) values ('075df99f-76ea-499a-b065-2bbea11f7440', 'ELECTRONIC_STABILITY_CONTROL');
insert into auto_vehicle_feature (vehicle_id, feature) values ('075df99f-76ea-499a-b065-2bbea11f7440', 'ARMREST');
insert into auto_vehicle_feature (vehicle_id, feature) values ('075df99f-76ea-499a-b065-2bbea11f7440', 'HEADS_UP_DISPLAY');
insert into auto_vehicle_feature (vehicle_id, feature) values ('075df99f-76ea-499a-b065-2bbea11f7440', 'ON_BOARD_COMPUTER');
insert into auto_vehicle_feature (vehicle_id, feature) values ('075df99f-76ea-499a-b065-2bbea11f7440', 'EMERGENCY_SYSTEM');
insert into auto_vehicle_feature (vehicle_id, feature) values ('075df99f-76ea-499a-b065-2bbea11f7440', 'NAVIGATION_SYSTEM');
insert into auto_vehicle_feature (vehicle_id, feature) values ('075df99f-76ea-499a-b065-2bbea11f7440', 'TRACTION_CONTROL');
insert into auto_vehicle_feature (vehicle_id, feature) values ('c7b12f63-0710-401f-b684-63fb7353863d', 'NIGHT_VIEW_ASSIST');
insert into auto_vehicle_feature (vehicle_id, feature) values ('c7b12f63-0710-401f-b684-63fb7353863d', 'SOUND_SYSTEM');
insert into auto_vehicle_feature (vehicle_id, feature) values ('c7b12f63-0710-401f-b684-63fb7353863d', 'ELECTRONIC_STABILITY_CONTROL');
insert into auto_vehicle_feature (vehicle_id, feature) values ('c7b12f63-0710-401f-b684-63fb7353863d', 'METALLIC');
insert into auto_vehicle_feature (vehicle_id, feature) values ('c7b12f63-0710-401f-b684-63fb7353863d', 'LANE_DEPARTURE_WARNING_SYSTEM');
insert into auto_vehicle_feature (vehicle_id, feature) values ('f7a02b1c-daba-4f5c-890b-1e43d2b496fe', 'LUMBAR_SUPPORT');
insert into auto_vehicle_feature (vehicle_id, feature) values ('f7a02b1c-daba-4f5c-890b-1e43d2b496fe', 'SIDE_AIRBAG');
insert into auto_vehicle_feature (vehicle_id, feature) values ('f7a02b1c-daba-4f5c-890b-1e43d2b496fe', 'TRACTION_CONTROL');
insert into auto_vehicle_feature (vehicle_id, feature) values ('f7a02b1c-daba-4f5c-890b-1e43d2b496fe', 'MP3');
insert into auto_vehicle_feature (vehicle_id, feature) values ('f7a02b1c-daba-4f5c-890b-1e43d2b496fe', 'AUXILIARY_HEATING');
insert into auto_vehicle_feature (vehicle_id, feature) values ('f7a02b1c-daba-4f5c-890b-1e43d2b496fe', 'PARKING_ASSIST_SYSTEM_SELF_STEERING');
insert into auto_vehicle_feature (vehicle_id, feature) values ('f7a02b1c-daba-4f5c-890b-1e43d2b496fe', 'TRACTION_CONTROL');
insert into auto_vehicle_feature (vehicle_id, feature) values ('f7a02b1c-daba-4f5c-890b-1e43d2b496fe', 'AUTOMATIC_CLIMATE_CONTROL');
insert into auto_vehicle_feature (vehicle_id, feature) values ('f7a02b1c-daba-4f5c-890b-1e43d2b496fe', 'SPORT_PACKAGE');
insert into auto_vehicle_feature (vehicle_id, feature) values ('f7a02b1c-daba-4f5c-890b-1e43d2b496fe', 'RAIN_SENSOR');
insert into auto_vehicle_feature (vehicle_id, feature) values ('f7a02b1c-daba-4f5c-890b-1e43d2b496fe', 'ELECTRICAL_SIDE_MIRRORS');
insert into auto_vehicle_feature (vehicle_id, feature) values ('f7a02b1c-daba-4f5c-890b-1e43d2b496fe', 'SEAT_HEATING');
insert into auto_vehicle_feature (vehicle_id, feature) values ('f7a02b1c-daba-4f5c-890b-1e43d2b496fe', 'TRAFFIC_SIGN_RECOGNITION');
insert into auto_vehicle_feature (vehicle_id, feature) values ('f7a02b1c-daba-4f5c-890b-1e43d2b496fe', 'SPORT_SEATS');
insert into auto_vehicle_feature (vehicle_id, feature) values ('023aad33-6e3a-417f-ab0e-14d819e191b7', 'CRUISE_CONTROL');
insert into auto_vehicle_feature (vehicle_id, feature) values ('023aad33-6e3a-417f-ab0e-14d819e191b7', 'HANDICAPPED_ENABLED');
insert into auto_vehicle_feature (vehicle_id, feature) values ('023aad33-6e3a-417f-ab0e-14d819e191b7', 'ALLOY_WHEELS');
insert into auto_vehicle_feature (vehicle_id, feature) values ('023aad33-6e3a-417f-ab0e-14d819e191b7', 'AIR_CONDITIONING');
insert into auto_vehicle_feature (vehicle_id, feature) values ('023aad33-6e3a-417f-ab0e-14d819e191b7', 'ROOF_RACK');
insert into auto_vehicle_feature (vehicle_id, feature) values ('023aad33-6e3a-417f-ab0e-14d819e191b7', 'HEATED_STEERING_WHEEL');
insert into auto_vehicle_feature (vehicle_id, feature) values ('023aad33-6e3a-417f-ab0e-14d819e191b7', 'TELEVISION');
insert into auto_vehicle_feature (vehicle_id, feature) values ('023aad33-6e3a-417f-ab0e-14d819e191b7', 'AIR_CONDITIONING');
insert into auto_vehicle_feature (vehicle_id, feature) values ('023aad33-6e3a-417f-ab0e-14d819e191b7', 'AIR_CONDITIONING');
insert into auto_vehicle_feature (vehicle_id, feature) values ('ab688599-3143-4927-9c11-27740c4adf1c', 'HILL_HOLDER');
insert into auto_vehicle_feature (vehicle_id, feature) values ('ab688599-3143-4927-9c11-27740c4adf1c', 'SEAT_HEATING');
insert into auto_vehicle_feature (vehicle_id, feature) values ('ab688599-3143-4927-9c11-27740c4adf1c', 'ON_BOARD_COMPUTER');
insert into auto_vehicle_feature (vehicle_id, feature) values ('ab688599-3143-4927-9c11-27740c4adf1c', 'SPORT_PACKAGE');
insert into auto_vehicle_feature (vehicle_id, feature) values ('ab688599-3143-4927-9c11-27740c4adf1c', 'PARKING_ASSIST_SYSTEM_CAMERA');
insert into auto_vehicle_feature (vehicle_id, feature) values ('ab688599-3143-4927-9c11-27740c4adf1c', 'SIDE_AIRBAG');
insert into auto_vehicle_feature (vehicle_id, feature) values ('19f30e96-4bb2-41b0-bd9e-b72e37c87025', 'AUTOMATIC_CLIMATE_CONTROL');
insert into auto_vehicle_feature (vehicle_id, feature) values ('19f30e96-4bb2-41b0-bd9e-b72e37c87025', 'SEAT_HEATING');
insert into auto_vehicle_feature (vehicle_id, feature) values ('19f30e96-4bb2-41b0-bd9e-b72e37c87025', 'HEATED_STEERING_WHEEL');
insert into auto_vehicle_feature (vehicle_id, feature) values ('19f30e96-4bb2-41b0-bd9e-b72e37c87025', 'AUTOMATIC_CLIMATE_CONTROL');
insert into auto_vehicle_feature (vehicle_id, feature) values ('19f30e96-4bb2-41b0-bd9e-b72e37c87025', 'EMERGENCY_SYSTEM');
insert into auto_vehicle_feature (vehicle_id, feature) values ('19f30e96-4bb2-41b0-bd9e-b72e37c87025', 'ELECTRICALLY_HEATED_WINDSHIELD');
insert into auto_vehicle_feature (vehicle_id, feature) values ('19f30e96-4bb2-41b0-bd9e-b72e37c87025', 'LED_DAYTIME_RUNNING_LIGHTS');
insert into auto_vehicle_feature (vehicle_id, feature) values ('19f30e96-4bb2-41b0-bd9e-b72e37c87025', 'HANDICAPPED_ENABLED');
insert into auto_vehicle_feature (vehicle_id, feature) values ('19f30e96-4bb2-41b0-bd9e-b72e37c87025', 'ELECTRICALLY_HEATED_WINDSHIELD');
insert into auto_vehicle_feature (vehicle_id, feature) values ('19f30e96-4bb2-41b0-bd9e-b72e37c87025', 'HANDS_FREE_EQUIPMENT');
insert into auto_vehicle_feature (vehicle_id, feature) values ('19f30e96-4bb2-41b0-bd9e-b72e37c87025', 'HANDS_FREE_EQUIPMENT');
insert into auto_vehicle_feature (vehicle_id, feature) values ('006dd757-59a1-4602-883c-d443b9da3076', 'RADIO');
insert into auto_vehicle_feature (vehicle_id, feature) values ('006dd757-59a1-4602-883c-d443b9da3076', 'RADIO');
insert into auto_vehicle_feature (vehicle_id, feature) values ('006dd757-59a1-4602-883c-d443b9da3076', 'SLIDING_DOOR');
insert into auto_vehicle_feature (vehicle_id, feature) values ('006dd757-59a1-4602-883c-d443b9da3076', 'ADAPTIVE_CRUISE_CONTROL');
insert into auto_vehicle_feature (vehicle_id, feature) values ('006dd757-59a1-4602-883c-d443b9da3076', 'SKI_BAG');
insert into auto_vehicle_feature (vehicle_id, feature) values ('006dd757-59a1-4602-883c-d443b9da3076', 'XENON_HEADLIGHTS');
insert into auto_vehicle_feature (vehicle_id, feature) values ('006dd757-59a1-4602-883c-d443b9da3076', 'SPORT_SEATS');
insert into auto_vehicle_feature (vehicle_id, feature) values ('006dd757-59a1-4602-883c-d443b9da3076', 'LED_DAYTIME_RUNNING_LIGHTS');
insert into auto_vehicle_feature (vehicle_id, feature) values ('006dd757-59a1-4602-883c-d443b9da3076', 'ALLOY_WHEELS');
insert into auto_vehicle_feature (vehicle_id, feature) values ('006dd757-59a1-4602-883c-d443b9da3076', 'POWER_WINDOWS');
insert into auto_vehicle_feature (vehicle_id, feature) values ('006dd757-59a1-4602-883c-d443b9da3076', 'TOUCH_SCREEN');
insert into auto_vehicle_feature (vehicle_id, feature) values ('006dd757-59a1-4602-883c-d443b9da3076', 'BLIND_SPOT_MONITOR');
insert into auto_vehicle_feature (vehicle_id, feature) values ('006dd757-59a1-4602-883c-d443b9da3076', 'START_STOP_SYSTEM');
insert into auto_vehicle_feature (vehicle_id, feature) values ('9ec54ece-2757-4f85-9d4b-2f2be8657ee7', 'AUTOMATIC_CLIMATE_CONTROL');
insert into auto_vehicle_feature (vehicle_id, feature) values ('9ec54ece-2757-4f85-9d4b-2f2be8657ee7', 'LED_DAYTIME_RUNNING_LIGHTS');
insert into auto_vehicle_feature (vehicle_id, feature) values ('9ec54ece-2757-4f85-9d4b-2f2be8657ee7', 'SPORT_SUSPENSION');
insert into auto_vehicle_feature (vehicle_id, feature) values ('9ec54ece-2757-4f85-9d4b-2f2be8657ee7', 'AIR_SUSPENSION');
insert into auto_vehicle_feature (vehicle_id, feature) values ('9ec54ece-2757-4f85-9d4b-2f2be8657ee7', 'TELEVISION');
insert into auto_vehicle_feature (vehicle_id, feature) values ('9ec54ece-2757-4f85-9d4b-2f2be8657ee7', 'SPORT_PACKAGE');
insert into auto_vehicle_feature (vehicle_id, feature) values ('9ec54ece-2757-4f85-9d4b-2f2be8657ee7', 'WITH_FULL_SERVICE_HISTORY');
insert into auto_vehicle_feature (vehicle_id, feature) values ('9ec54ece-2757-4f85-9d4b-2f2be8657ee7', 'SPORT_PACKAGE');
insert into auto_vehicle_feature (vehicle_id, feature) values ('9ec54ece-2757-4f85-9d4b-2f2be8657ee7', 'WITH_FULL_SERVICE_HISTORY');
insert into auto_vehicle_feature (vehicle_id, feature) values ('9ec54ece-2757-4f85-9d4b-2f2be8657ee7', 'POWER_STEERING');
insert into auto_vehicle_feature (vehicle_id, feature) values ('9ec54ece-2757-4f85-9d4b-2f2be8657ee7', 'LEATHER_STEERING_WHEEL');
insert into auto_vehicle_feature (vehicle_id, feature) values ('9ec54ece-2757-4f85-9d4b-2f2be8657ee7', 'NON_SMOKING_VEHICLE');
insert into auto_vehicle_feature (vehicle_id, feature) values ('aab9065d-b56f-429c-8b9c-e07eaa3f57ca', 'LED_DAYTIME_RUNNING_LIGHTS');
insert into auto_vehicle_feature (vehicle_id, feature) values ('aab9065d-b56f-429c-8b9c-e07eaa3f57ca', 'ELECTRICAL_SIDE_MIRRORS');
insert into auto_vehicle_feature (vehicle_id, feature) values ('aab9065d-b56f-429c-8b9c-e07eaa3f57ca', 'ALARM_SYSTEM');
insert into auto_vehicle_feature (vehicle_id, feature) values ('aab9065d-b56f-429c-8b9c-e07eaa3f57ca', 'NAVIGATION_SYSTEM');
insert into auto_vehicle_feature (vehicle_id, feature) values ('aab9065d-b56f-429c-8b9c-e07eaa3f57ca', 'PANORAMA_ROOF');
insert into auto_vehicle_feature (vehicle_id, feature) values ('aab9065d-b56f-429c-8b9c-e07eaa3f57ca', 'SEAT_HEATING');
insert into auto_vehicle_feature (vehicle_id, feature) values ('aab9065d-b56f-429c-8b9c-e07eaa3f57ca', 'AIR_SUSPENSION');
insert into auto_vehicle_feature (vehicle_id, feature) values ('aab9065d-b56f-429c-8b9c-e07eaa3f57ca', 'PARKING_ASSIST_SYSTEM_SENSORS_REAR');
insert into auto_vehicle_feature (vehicle_id, feature) values ('f7662671-d632-407b-9a34-4db0b753c2d7', 'TRAFFIC_SIGN_RECOGNITION');
insert into auto_vehicle_feature (vehicle_id, feature) values ('f7662671-d632-407b-9a34-4db0b753c2d7', 'AUXILIARY_HEATING');
insert into auto_vehicle_feature (vehicle_id, feature) values ('f7662671-d632-407b-9a34-4db0b753c2d7', 'ADAPTIVE_HEADLIGHTS');
insert into auto_vehicle_feature (vehicle_id, feature) values ('f7662671-d632-407b-9a34-4db0b753c2d7', 'RADIO');
insert into auto_vehicle_feature (vehicle_id, feature) values ('f7662671-d632-407b-9a34-4db0b753c2d7', 'EMERGENCY_SYSTEM');
insert into auto_vehicle_feature (vehicle_id, feature) values ('f7662671-d632-407b-9a34-4db0b753c2d7', 'HANDICAPPED_ENABLED');
insert into auto_vehicle_feature (vehicle_id, feature) values ('f7662671-d632-407b-9a34-4db0b753c2d7', 'GUARANTEE');
insert into auto_vehicle_feature (vehicle_id, feature) values ('f7662671-d632-407b-9a34-4db0b753c2d7', 'EMERGENCY_BRAKE_ASSISTANT');
insert into auto_vehicle_feature (vehicle_id, feature) values ('f7662671-d632-407b-9a34-4db0b753c2d7', 'BLIND_SPOT_MONITOR');
insert into auto_vehicle_feature (vehicle_id, feature) values ('f7662671-d632-407b-9a34-4db0b753c2d7', 'LIGHT_SENSOR');
insert into auto_vehicle_feature (vehicle_id, feature) values ('f45d253f-8d52-4bea-8518-906cb7cf5094', 'TRAILER_HITCH');
insert into auto_vehicle_feature (vehicle_id, feature) values ('f45d253f-8d52-4bea-8518-906cb7cf5094', 'MULTI_FUNCTION_STEERING_WHEEL');
insert into auto_vehicle_feature (vehicle_id, feature) values ('f45d253f-8d52-4bea-8518-906cb7cf5094', 'SOUND_SYSTEM');
insert into auto_vehicle_feature (vehicle_id, feature) values ('f45d253f-8d52-4bea-8518-906cb7cf5094', 'DRIVER_SIDE_AIRBAG');
insert into auto_vehicle_feature (vehicle_id, feature) values ('f45d253f-8d52-4bea-8518-906cb7cf5094', 'HANDICAPPED_ENABLED');
insert into auto_vehicle_feature (vehicle_id, feature) values ('f45d253f-8d52-4bea-8518-906cb7cf5094', 'TRAFFIC_SIGN_RECOGNITION');
insert into auto_vehicle_feature (vehicle_id, feature) values ('6b42b85e-e901-4f8b-b64d-ddf9ddcce3df', 'SEAT_HEATING');
insert into auto_vehicle_feature (vehicle_id, feature) values ('6b42b85e-e901-4f8b-b64d-ddf9ddcce3df', 'PARKING_ASSIST_SYSTEM_CAMERA');
insert into auto_vehicle_feature (vehicle_id, feature) values ('6b42b85e-e901-4f8b-b64d-ddf9ddcce3df', 'SPORT_PACKAGE');
insert into auto_vehicle_feature (vehicle_id, feature) values ('6b42b85e-e901-4f8b-b64d-ddf9ddcce3df', 'CENTRAL_DOOR_LOCK');
insert into auto_vehicle_feature (vehicle_id, feature) values ('6b42b85e-e901-4f8b-b64d-ddf9ddcce3df', 'ELECTRICALLY_ADJUSTABLE_SEATS');
insert into auto_vehicle_feature (vehicle_id, feature) values ('6b42b85e-e901-4f8b-b64d-ddf9ddcce3df', 'SUNROOF');
insert into auto_vehicle_feature (vehicle_id, feature) values ('18e4b04b-1976-4ae8-b444-fb09675a3c78', 'LED_HEADLIGHTS');
insert into auto_vehicle_feature (vehicle_id, feature) values ('18e4b04b-1976-4ae8-b444-fb09675a3c78', 'SPORT_SEATS');
insert into auto_vehicle_feature (vehicle_id, feature) values ('18e4b04b-1976-4ae8-b444-fb09675a3c78', 'SIDE_AIRBAG');
insert into auto_vehicle_feature (vehicle_id, feature) values ('18e4b04b-1976-4ae8-b444-fb09675a3c78', 'TOUCH_SCREEN');
insert into auto_vehicle_feature (vehicle_id, feature) values ('18e4b04b-1976-4ae8-b444-fb09675a3c78', 'TRAILER_HITCH');
insert into auto_vehicle_feature (vehicle_id, feature) values ('18e4b04b-1976-4ae8-b444-fb09675a3c78', 'NON_SMOKING_VEHICLE');
insert into auto_vehicle_feature (vehicle_id, feature) values ('18e4b04b-1976-4ae8-b444-fb09675a3c78', 'RAIN_SENSOR');
insert into auto_vehicle_feature (vehicle_id, feature) values ('18e4b04b-1976-4ae8-b444-fb09675a3c78', 'ELECTRICALLY_ADJUSTABLE_SEATS');
insert into auto_vehicle_feature (vehicle_id, feature) values ('18e4b04b-1976-4ae8-b444-fb09675a3c78', 'EMERGENCY_SYSTEM');
insert into auto_vehicle_feature (vehicle_id, feature) values ('18e4b04b-1976-4ae8-b444-fb09675a3c78', 'AIR_SUSPENSION');
insert into auto_vehicle_feature (vehicle_id, feature) values ('18e4b04b-1976-4ae8-b444-fb09675a3c78', 'ELECTRONIC_STABILITY_CONTROL');
insert into auto_vehicle_feature (vehicle_id, feature) values ('a8a55aad-7e4b-4230-8e1e-53ac7687a68a', 'LED_DAYTIME_RUNNING_LIGHTS');
insert into auto_vehicle_feature (vehicle_id, feature) values ('a8a55aad-7e4b-4230-8e1e-53ac7687a68a', 'POWER_WINDOWS');
insert into auto_vehicle_feature (vehicle_id, feature) values ('a8a55aad-7e4b-4230-8e1e-53ac7687a68a', 'SEAT_HEATING');
insert into auto_vehicle_feature (vehicle_id, feature) values ('a8a55aad-7e4b-4230-8e1e-53ac7687a68a', 'RAIN_SENSOR');
insert into auto_vehicle_feature (vehicle_id, feature) values ('a8a55aad-7e4b-4230-8e1e-53ac7687a68a', 'PARKING_ASSIST_SYSTEM_CAMERA');
insert into auto_vehicle_feature (vehicle_id, feature) values ('a8a55aad-7e4b-4230-8e1e-53ac7687a68a', 'HEATED_STEERING_WHEEL');
insert into auto_vehicle_feature (vehicle_id, feature) values ('a8a55aad-7e4b-4230-8e1e-53ac7687a68a', 'PASSENGER_SIDE_AIRBAG');
insert into auto_vehicle_feature (vehicle_id, feature) values ('3fd88161-1865-41f8-8c03-52297a597ba5', 'PARTICULATE_FILTER');
insert into auto_vehicle_feature (vehicle_id, feature) values ('3fd88161-1865-41f8-8c03-52297a597ba5', 'SLIDING_DOOR');
insert into auto_vehicle_feature (vehicle_id, feature) values ('3fd88161-1865-41f8-8c03-52297a597ba5', 'ISOFIX');
insert into auto_vehicle_feature (vehicle_id, feature) values ('3fd88161-1865-41f8-8c03-52297a597ba5', 'HEADS_UP_DISPLAY');
insert into auto_vehicle_feature (vehicle_id, feature) values ('3fd88161-1865-41f8-8c03-52297a597ba5', 'SEAT_HEATING');
insert into auto_vehicle_feature (vehicle_id, feature) values ('3fd88161-1865-41f8-8c03-52297a597ba5', 'XENON_HEADLIGHTS');
insert into auto_vehicle_feature (vehicle_id, feature) values ('3fd88161-1865-41f8-8c03-52297a597ba5', 'BLUETOOTH');
insert into auto_vehicle_feature (vehicle_id, feature) values ('3fd88161-1865-41f8-8c03-52297a597ba5', 'HILL_HOLDER');
insert into auto_vehicle_feature (vehicle_id, feature) values ('3fd88161-1865-41f8-8c03-52297a597ba5', 'HEADS_UP_DISPLAY');
insert into auto_vehicle_feature (vehicle_id, feature) values ('3fd88161-1865-41f8-8c03-52297a597ba5', 'RADIO');
insert into auto_vehicle_feature (vehicle_id, feature) values ('62ca8adc-e244-4849-afc0-c6cc6406880e', 'WITH_FULL_SERVICE_HISTORY');
insert into auto_vehicle_feature (vehicle_id, feature) values ('62ca8adc-e244-4849-afc0-c6cc6406880e', 'DIGITAL_RADIO');
insert into auto_vehicle_feature (vehicle_id, feature) values ('62ca8adc-e244-4849-afc0-c6cc6406880e', 'DAYTIME_RUNNING_LIGHTS');
insert into auto_vehicle_feature (vehicle_id, feature) values ('62ca8adc-e244-4849-afc0-c6cc6406880e', 'SPORT_SUSPENSION');
insert into auto_vehicle_feature (vehicle_id, feature) values ('62ca8adc-e244-4849-afc0-c6cc6406880e', 'METALLIC');
insert into auto_vehicle_feature (vehicle_id, feature) values ('62ca8adc-e244-4849-afc0-c6cc6406880e', 'SOUND_SYSTEM');
insert into auto_vehicle_feature (vehicle_id, feature) values ('62ca8adc-e244-4849-afc0-c6cc6406880e', 'IMMOBILIZER');
insert into auto_vehicle_feature (vehicle_id, feature) values ('62ca8adc-e244-4849-afc0-c6cc6406880e', 'AIR_CONDITIONING');
insert into auto_vehicle_feature (vehicle_id, feature) values ('569c22fe-99fc-43c2-b690-4f0d2fa0705b', 'HANDICAPPED_ENABLED');
insert into auto_vehicle_feature (vehicle_id, feature) values ('569c22fe-99fc-43c2-b690-4f0d2fa0705b', 'EMERGENCY_SYSTEM');
insert into auto_vehicle_feature (vehicle_id, feature) values ('569c22fe-99fc-43c2-b690-4f0d2fa0705b', 'METALLIC');
insert into auto_vehicle_feature (vehicle_id, feature) values ('569c22fe-99fc-43c2-b690-4f0d2fa0705b', 'ELECTRICAL_SIDE_MIRRORS');
insert into auto_vehicle_feature (vehicle_id, feature) values ('569c22fe-99fc-43c2-b690-4f0d2fa0705b', 'RAIN_SENSOR');
insert into auto_vehicle_feature (vehicle_id, feature) values ('569c22fe-99fc-43c2-b690-4f0d2fa0705b', 'HANDICAPPED_ENABLED');
insert into auto_vehicle_feature (vehicle_id, feature) values ('569c22fe-99fc-43c2-b690-4f0d2fa0705b', 'METALLIC');
insert into auto_vehicle_feature (vehicle_id, feature) values ('569c22fe-99fc-43c2-b690-4f0d2fa0705b', 'EMERGENCY_BRAKE_ASSISTANT');
insert into auto_vehicle_feature (vehicle_id, feature) values ('569c22fe-99fc-43c2-b690-4f0d2fa0705b', 'ISOFIX');
insert into auto_vehicle_feature (vehicle_id, feature) values ('569c22fe-99fc-43c2-b690-4f0d2fa0705b', 'DIGITAL_RADIO');
insert into auto_vehicle_feature (vehicle_id, feature) values ('d632349f-8c52-473c-8b82-66c060558225', 'METALLIC');
insert into auto_vehicle_feature (vehicle_id, feature) values ('d632349f-8c52-473c-8b82-66c060558225', 'AUTOMATIC_CLIMATE_CONTROL');
insert into auto_vehicle_feature (vehicle_id, feature) values ('d632349f-8c52-473c-8b82-66c060558225', 'SEAT_VENTILATION');
insert into auto_vehicle_feature (vehicle_id, feature) values ('d632349f-8c52-473c-8b82-66c060558225', 'SIDE_AIRBAG');
insert into auto_vehicle_feature (vehicle_id, feature) values ('d632349f-8c52-473c-8b82-66c060558225', 'ISOFIX');
insert into auto_vehicle_feature (vehicle_id, feature) values ('d632349f-8c52-473c-8b82-66c060558225', 'WITH_FULL_SERVICE_HISTORY');
insert into auto_vehicle_feature (vehicle_id, feature) values ('ddb5175c-996b-4c0c-bce9-99b8d0410716', 'ELECTRIC_TAILGATE');
insert into auto_vehicle_feature (vehicle_id, feature) values ('ddb5175c-996b-4c0c-bce9-99b8d0410716', 'SEAT_HEATING');
insert into auto_vehicle_feature (vehicle_id, feature) values ('ddb5175c-996b-4c0c-bce9-99b8d0410716', 'CRUISE_CONTROL');
insert into auto_vehicle_feature (vehicle_id, feature) values ('ddb5175c-996b-4c0c-bce9-99b8d0410716', 'PARKING_ASSIST_SYSTEM_SENSORS_FRONT');
insert into auto_vehicle_feature (vehicle_id, feature) values ('ddb5175c-996b-4c0c-bce9-99b8d0410716', 'SOUND_SYSTEM');
insert into auto_vehicle_feature (vehicle_id, feature) values ('ddb5175c-996b-4c0c-bce9-99b8d0410716', 'SIDE_AIRBAG');
insert into auto_vehicle_feature (vehicle_id, feature) values ('ddb5175c-996b-4c0c-bce9-99b8d0410716', 'POWER_WINDOWS');
insert into auto_vehicle_feature (vehicle_id, feature) values ('ddb5175c-996b-4c0c-bce9-99b8d0410716', 'SEAT_VENTILATION');
insert into auto_vehicle_feature (vehicle_id, feature) values ('ddb5175c-996b-4c0c-bce9-99b8d0410716', 'LIGHT_SENSOR');
insert into auto_vehicle_feature (vehicle_id, feature) values ('ddb5175c-996b-4c0c-bce9-99b8d0410716', 'HANDICAPPED_ENABLED');
insert into auto_vehicle_feature (vehicle_id, feature) values ('ddb5175c-996b-4c0c-bce9-99b8d0410716', 'PANORAMA_ROOF');
insert into auto_vehicle_feature (vehicle_id, feature) values ('ddb5175c-996b-4c0c-bce9-99b8d0410716', 'PANORAMA_ROOF');
insert into auto_vehicle_feature (vehicle_id, feature) values ('ddb5175c-996b-4c0c-bce9-99b8d0410716', 'CRUISE_CONTROL');
insert into auto_vehicle_feature (vehicle_id, feature) values ('ddb5175c-996b-4c0c-bce9-99b8d0410716', 'ROOF_RACK');
insert into auto_vehicle_feature (vehicle_id, feature) values ('8a61eb46-7d84-4faa-8cef-c42b7039adcf', 'POWER_WINDOWS');
insert into auto_vehicle_feature (vehicle_id, feature) values ('8a61eb46-7d84-4faa-8cef-c42b7039adcf', 'XENON_HEADLIGHTS');
insert into auto_vehicle_feature (vehicle_id, feature) values ('8a61eb46-7d84-4faa-8cef-c42b7039adcf', 'SUNROOF');
insert into auto_vehicle_feature (vehicle_id, feature) values ('8a61eb46-7d84-4faa-8cef-c42b7039adcf', 'SUNROOF');
insert into auto_vehicle_feature (vehicle_id, feature) values ('8a61eb46-7d84-4faa-8cef-c42b7039adcf', 'DRIVER_SIDE_AIRBAG');
insert into auto_vehicle_feature (vehicle_id, feature) values ('8a61eb46-7d84-4faa-8cef-c42b7039adcf', 'PARKING_ASSIST_SYSTEM_SENSORS_REAR');
insert into auto_vehicle_feature (vehicle_id, feature) values ('8e46a12d-1387-49ff-a748-2a8e8e265cd8', 'PARKING_ASSIST_SYSTEM_CAMERA');
insert into auto_vehicle_feature (vehicle_id, feature) values ('8e46a12d-1387-49ff-a748-2a8e8e265cd8', 'SLIDING_DOOR');
insert into auto_vehicle_feature (vehicle_id, feature) values ('8e46a12d-1387-49ff-a748-2a8e8e265cd8', 'TOUCH_SCREEN');
insert into auto_vehicle_feature (vehicle_id, feature) values ('8e46a12d-1387-49ff-a748-2a8e8e265cd8', 'AIR_SUSPENSION');
insert into auto_vehicle_feature (vehicle_id, feature) values ('8e46a12d-1387-49ff-a748-2a8e8e265cd8', 'HEADS_UP_DISPLAY');
insert into auto_vehicle_feature (vehicle_id, feature) values ('8e46a12d-1387-49ff-a748-2a8e8e265cd8', 'PARKING_ASSIST_SYSTEM_SELF_STEERING');
insert into auto_vehicle_feature (vehicle_id, feature) values ('8e46a12d-1387-49ff-a748-2a8e8e265cd8', 'ARMREST');
insert into auto_vehicle_feature (vehicle_id, feature) values ('7bf71f86-9dfc-4d23-85dc-10a27191e446', 'MASSAGE_SEATS');
insert into auto_vehicle_feature (vehicle_id, feature) values ('7bf71f86-9dfc-4d23-85dc-10a27191e446', 'ALLOY_WHEELS');
insert into auto_vehicle_feature (vehicle_id, feature) values ('7bf71f86-9dfc-4d23-85dc-10a27191e446', 'NON_SMOKING_VEHICLE');
insert into auto_vehicle_feature (vehicle_id, feature) values ('7bf71f86-9dfc-4d23-85dc-10a27191e446', 'BLUETOOTH');
insert into auto_vehicle_feature (vehicle_id, feature) values ('7bf71f86-9dfc-4d23-85dc-10a27191e446', 'RAIN_SENSOR');
insert into auto_vehicle_feature (vehicle_id, feature) values ('7bf71f86-9dfc-4d23-85dc-10a27191e446', 'FOG_LIGHTS');
insert into auto_vehicle_feature (vehicle_id, feature) values ('7bf71f86-9dfc-4d23-85dc-10a27191e446', 'ABS');
insert into auto_vehicle_feature (vehicle_id, feature) values ('7bf71f86-9dfc-4d23-85dc-10a27191e446', 'PARKING_ASSIST_SYSTEM_SENSORS_REAR');
insert into auto_vehicle_feature (vehicle_id, feature) values ('7bf71f86-9dfc-4d23-85dc-10a27191e446', 'TRAFFIC_SIGN_RECOGNITION');
insert into auto_vehicle_feature (vehicle_id, feature) values ('7bf71f86-9dfc-4d23-85dc-10a27191e446', 'SPORT_PACKAGE');
insert into auto_vehicle_feature (vehicle_id, feature) values ('7bf71f86-9dfc-4d23-85dc-10a27191e446', 'ISOFIX');
insert into auto_vehicle_feature (vehicle_id, feature) values ('7bf71f86-9dfc-4d23-85dc-10a27191e446', 'ELECTRICALLY_HEATED_WINDSHIELD');
insert into auto_vehicle_feature (vehicle_id, feature) values ('7bf71f86-9dfc-4d23-85dc-10a27191e446', 'PANORAMA_ROOF');
insert into auto_vehicle_feature (vehicle_id, feature) values ('36e5374b-ce9e-479a-a434-4a47030abd93', 'USB');
insert into auto_vehicle_feature (vehicle_id, feature) values ('36e5374b-ce9e-479a-a434-4a47030abd93', 'LIGHT_SENSOR');
insert into auto_vehicle_feature (vehicle_id, feature) values ('36e5374b-ce9e-479a-a434-4a47030abd93', 'SIDE_AIRBAG');
insert into auto_vehicle_feature (vehicle_id, feature) values ('36e5374b-ce9e-479a-a434-4a47030abd93', 'SOUND_SYSTEM');
insert into auto_vehicle_feature (vehicle_id, feature) values ('36e5374b-ce9e-479a-a434-4a47030abd93', 'TELEVISION');
insert into auto_vehicle_feature (vehicle_id, feature) values ('36e5374b-ce9e-479a-a434-4a47030abd93', 'PARKING_ASSIST_SYSTEM_SENSORS_FRONT');
insert into auto_vehicle_feature (vehicle_id, feature) values ('36e5374b-ce9e-479a-a434-4a47030abd93', 'GUARANTEE');
insert into auto_vehicle_feature (vehicle_id, feature) values ('36e5374b-ce9e-479a-a434-4a47030abd93', 'RADIO');
insert into auto_vehicle_feature (vehicle_id, feature) values ('de59693e-6639-46fb-989d-b47eb75b5a5b', 'PANORAMA_ROOF');
insert into auto_vehicle_feature (vehicle_id, feature) values ('de59693e-6639-46fb-989d-b47eb75b5a5b', 'SEAT_VENTILATION');
insert into auto_vehicle_feature (vehicle_id, feature) values ('de59693e-6639-46fb-989d-b47eb75b5a5b', 'EMERGENCY_BRAKE_ASSISTANT');
insert into auto_vehicle_feature (vehicle_id, feature) values ('de59693e-6639-46fb-989d-b47eb75b5a5b', 'SOUND_SYSTEM');
insert into auto_vehicle_feature (vehicle_id, feature) values ('de59693e-6639-46fb-989d-b47eb75b5a5b', 'SLIDING_DOOR');
insert into auto_vehicle_feature (vehicle_id, feature) values ('de59693e-6639-46fb-989d-b47eb75b5a5b', 'HANDS_FREE_EQUIPMENT');
insert into auto_vehicle_feature (vehicle_id, feature) values ('de59693e-6639-46fb-989d-b47eb75b5a5b', 'ISOFIX');
insert into auto_vehicle_feature (vehicle_id, feature) values ('de59693e-6639-46fb-989d-b47eb75b5a5b', 'VOICE_CONTROL');
insert into auto_vehicle_feature (vehicle_id, feature) values ('de59693e-6639-46fb-989d-b47eb75b5a5b', 'METALLIC');
insert into auto_vehicle_feature (vehicle_id, feature) values ('a85927fc-de69-44b9-9e03-a68ed89d29ac', 'HEATED_STEERING_WHEEL');
insert into auto_vehicle_feature (vehicle_id, feature) values ('a85927fc-de69-44b9-9e03-a68ed89d29ac', 'CENTRAL_DOOR_LOCK');
insert into auto_vehicle_feature (vehicle_id, feature) values ('a85927fc-de69-44b9-9e03-a68ed89d29ac', 'RAIN_SENSOR');
insert into auto_vehicle_feature (vehicle_id, feature) values ('a85927fc-de69-44b9-9e03-a68ed89d29ac', 'AIR_SUSPENSION');
insert into auto_vehicle_feature (vehicle_id, feature) values ('a85927fc-de69-44b9-9e03-a68ed89d29ac', 'TRAILER_HITCH');
insert into auto_vehicle_feature (vehicle_id, feature) values ('a85927fc-de69-44b9-9e03-a68ed89d29ac', 'TIRE_PRESSURE_MONITORING_SYSTEM');
insert into auto_vehicle_feature (vehicle_id, feature) values ('a85927fc-de69-44b9-9e03-a68ed89d29ac', 'USB');
insert into auto_vehicle_feature (vehicle_id, feature) values ('a85927fc-de69-44b9-9e03-a68ed89d29ac', 'ELECTRICALLY_HEATED_WINDSHIELD');
insert into auto_vehicle_feature (vehicle_id, feature) values ('f052616d-def3-4366-8382-6cedf370373a', 'SOUND_SYSTEM');
insert into auto_vehicle_feature (vehicle_id, feature) values ('f052616d-def3-4366-8382-6cedf370373a', 'TRAILER_HITCH');
insert into auto_vehicle_feature (vehicle_id, feature) values ('f052616d-def3-4366-8382-6cedf370373a', 'LED_DAYTIME_RUNNING_LIGHTS');
insert into auto_vehicle_feature (vehicle_id, feature) values ('f052616d-def3-4366-8382-6cedf370373a', 'BLUETOOTH');
insert into auto_vehicle_feature (vehicle_id, feature) values ('f052616d-def3-4366-8382-6cedf370373a', 'PARKING_ASSIST_SYSTEM_SENSORS_FRONT');
insert into auto_vehicle_feature (vehicle_id, feature) values ('f052616d-def3-4366-8382-6cedf370373a', 'DRIVER_SIDE_AIRBAG');
insert into auto_vehicle_feature (vehicle_id, feature) values ('f052616d-def3-4366-8382-6cedf370373a', 'LED_DAYTIME_RUNNING_LIGHTS');
insert into auto_vehicle_feature (vehicle_id, feature) values ('f052616d-def3-4366-8382-6cedf370373a', 'WITH_FULL_SERVICE_HISTORY');
insert into auto_vehicle_feature (vehicle_id, feature) values ('4f8ee684-c712-4e5a-b6b9-2b12c8faf2b9', 'NIGHT_VIEW_ASSIST');
insert into auto_vehicle_feature (vehicle_id, feature) values ('4f8ee684-c712-4e5a-b6b9-2b12c8faf2b9', 'ADAPTIVE_HEADLIGHTS');
insert into auto_vehicle_feature (vehicle_id, feature) values ('4f8ee684-c712-4e5a-b6b9-2b12c8faf2b9', 'ARMREST');
insert into auto_vehicle_feature (vehicle_id, feature) values ('4f8ee684-c712-4e5a-b6b9-2b12c8faf2b9', 'ELECTRICALLY_ADJUSTABLE_SEATS');
insert into auto_vehicle_feature (vehicle_id, feature) values ('4f8ee684-c712-4e5a-b6b9-2b12c8faf2b9', 'CENTRAL_DOOR_LOCK');
insert into auto_vehicle_feature (vehicle_id, feature) values ('17f0b4e3-523b-46d6-99bc-27f8f3f47673', 'KEYLESS_CENTRAL_DOOR_LOCK');
insert into auto_vehicle_feature (vehicle_id, feature) values ('17f0b4e3-523b-46d6-99bc-27f8f3f47673', 'PANORAMA_ROOF');
insert into auto_vehicle_feature (vehicle_id, feature) values ('17f0b4e3-523b-46d6-99bc-27f8f3f47673', 'ELECTRICALLY_HEATED_WINDSHIELD');
insert into auto_vehicle_feature (vehicle_id, feature) values ('17f0b4e3-523b-46d6-99bc-27f8f3f47673', 'ARMREST');
insert into auto_vehicle_feature (vehicle_id, feature) values ('17f0b4e3-523b-46d6-99bc-27f8f3f47673', 'ELECTRONIC_STABILITY_CONTROL');
insert into auto_vehicle_feature (vehicle_id, feature) values ('17f0b4e3-523b-46d6-99bc-27f8f3f47673', 'ROOF_RACK');
insert into auto_vehicle_feature (vehicle_id, feature) values ('17f0b4e3-523b-46d6-99bc-27f8f3f47673', 'SPORT_SUSPENSION');
insert into auto_vehicle_feature (vehicle_id, feature) values ('17f0b4e3-523b-46d6-99bc-27f8f3f47673', 'PARKING_ASSIST_SYSTEM_CAMERA');
insert into auto_vehicle_feature (vehicle_id, feature) values ('17f0b4e3-523b-46d6-99bc-27f8f3f47673', 'NAVIGATION_SYSTEM');
insert into auto_vehicle_feature (vehicle_id, feature) values ('17f0b4e3-523b-46d6-99bc-27f8f3f47673', 'PARKING_ASSIST_SYSTEM_CAMERA');
insert into auto_vehicle_feature (vehicle_id, feature) values ('17f0b4e3-523b-46d6-99bc-27f8f3f47673', 'ELECTRICALLY_ADJUSTABLE_SEATS');
insert into auto_vehicle_feature (vehicle_id, feature) values ('7bff4349-dc2b-4039-b8f9-b1628095ec72', 'DRIVER_SIDE_AIRBAG');
insert into auto_vehicle_feature (vehicle_id, feature) values ('7bff4349-dc2b-4039-b8f9-b1628095ec72', 'DRIVER_SIDE_AIRBAG');
insert into auto_vehicle_feature (vehicle_id, feature) values ('7bff4349-dc2b-4039-b8f9-b1628095ec72', 'DAYTIME_RUNNING_LIGHTS');
insert into auto_vehicle_feature (vehicle_id, feature) values ('7bff4349-dc2b-4039-b8f9-b1628095ec72', 'LANE_DEPARTURE_WARNING_SYSTEM');
insert into auto_vehicle_feature (vehicle_id, feature) values ('7bff4349-dc2b-4039-b8f9-b1628095ec72', 'AUXILIARY_HEATING');
insert into auto_vehicle_feature (vehicle_id, feature) values ('7bff4349-dc2b-4039-b8f9-b1628095ec72', 'MULTI_FUNCTION_STEERING_WHEEL');
insert into auto_vehicle_feature (vehicle_id, feature) values ('7bff4349-dc2b-4039-b8f9-b1628095ec72', 'ELECTRICALLY_HEATED_WINDSHIELD');
insert into auto_vehicle_feature (vehicle_id, feature) values ('7bff4349-dc2b-4039-b8f9-b1628095ec72', 'VOICE_CONTROL');
insert into auto_vehicle_feature (vehicle_id, feature) values ('7bff4349-dc2b-4039-b8f9-b1628095ec72', 'METALLIC');
insert into auto_vehicle_feature (vehicle_id, feature) values ('7bff4349-dc2b-4039-b8f9-b1628095ec72', 'ARMREST');
insert into auto_vehicle_feature (vehicle_id, feature) values ('7bff4349-dc2b-4039-b8f9-b1628095ec72', 'SEAT_VENTILATION');
insert into auto_vehicle_feature (vehicle_id, feature) values ('7bff4349-dc2b-4039-b8f9-b1628095ec72', 'ELECTRONIC_STABILITY_CONTROL');
insert into auto_vehicle_feature (vehicle_id, feature) values ('7bff4349-dc2b-4039-b8f9-b1628095ec72', 'ALLOY_WHEELS');
insert into auto_vehicle_feature (vehicle_id, feature) values ('03b91ba4-63af-42cc-bc4b-11beaa6b24a8', 'POWER_STEERING');
insert into auto_vehicle_feature (vehicle_id, feature) values ('03b91ba4-63af-42cc-bc4b-11beaa6b24a8', 'SPORT_PACKAGE');
insert into auto_vehicle_feature (vehicle_id, feature) values ('03b91ba4-63af-42cc-bc4b-11beaa6b24a8', 'AUTOMATIC_CLIMATE_CONTROL');
insert into auto_vehicle_feature (vehicle_id, feature) values ('03b91ba4-63af-42cc-bc4b-11beaa6b24a8', 'BLIND_SPOT_MONITOR');
insert into auto_vehicle_feature (vehicle_id, feature) values ('03b91ba4-63af-42cc-bc4b-11beaa6b24a8', 'SEAT_HEATING');
insert into auto_vehicle_feature (vehicle_id, feature) values ('03b91ba4-63af-42cc-bc4b-11beaa6b24a8', 'PARKING_ASSIST_SYSTEM_SENSORS_REAR');
insert into auto_vehicle_feature (vehicle_id, feature) values ('03b91ba4-63af-42cc-bc4b-11beaa6b24a8', 'TOUCH_SCREEN');
insert into auto_vehicle_feature (vehicle_id, feature) values ('03b91ba4-63af-42cc-bc4b-11beaa6b24a8', 'NAVIGATION_SYSTEM');
insert into auto_vehicle_feature (vehicle_id, feature) values ('94b4bc45-5751-4f59-a17b-23993c110260', 'AIR_SUSPENSION');
insert into auto_vehicle_feature (vehicle_id, feature) values ('94b4bc45-5751-4f59-a17b-23993c110260', 'LIGHT_SENSOR');
insert into auto_vehicle_feature (vehicle_id, feature) values ('94b4bc45-5751-4f59-a17b-23993c110260', 'SPORT_SEATS');
insert into auto_vehicle_feature (vehicle_id, feature) values ('94b4bc45-5751-4f59-a17b-23993c110260', 'ADAPTIVE_HEADLIGHTS');
insert into auto_vehicle_feature (vehicle_id, feature) values ('94b4bc45-5751-4f59-a17b-23993c110260', 'TIRE_PRESSURE_MONITORING_SYSTEM');
insert into auto_vehicle_feature (vehicle_id, feature) values ('94b4bc45-5751-4f59-a17b-23993c110260', 'DRIVER_DROWSINESS_DETECTION');
insert into auto_vehicle_feature (vehicle_id, feature) values ('f3f49485-c2f4-41a8-805f-14b5f59ad1d6', 'PARTICULATE_FILTER');
insert into auto_vehicle_feature (vehicle_id, feature) values ('f3f49485-c2f4-41a8-805f-14b5f59ad1d6', 'AIR_CONDITIONING');
insert into auto_vehicle_feature (vehicle_id, feature) values ('f3f49485-c2f4-41a8-805f-14b5f59ad1d6', 'USB');
insert into auto_vehicle_feature (vehicle_id, feature) values ('f3f49485-c2f4-41a8-805f-14b5f59ad1d6', 'LANE_DEPARTURE_WARNING_SYSTEM');
insert into auto_vehicle_feature (vehicle_id, feature) values ('f3f49485-c2f4-41a8-805f-14b5f59ad1d6', 'TIRE_PRESSURE_MONITORING_SYSTEM');
insert into auto_vehicle_feature (vehicle_id, feature) values ('f3f49485-c2f4-41a8-805f-14b5f59ad1d6', 'PARKING_ASSIST_SYSTEM_SENSORS_REAR');
insert into auto_vehicle_feature (vehicle_id, feature) values ('f3f49485-c2f4-41a8-805f-14b5f59ad1d6', 'BLIND_SPOT_MONITOR');
insert into auto_vehicle_feature (vehicle_id, feature) values ('f3f49485-c2f4-41a8-805f-14b5f59ad1d6', 'SLIDING_DOOR');
insert into auto_vehicle_feature (vehicle_id, feature) values ('f3f49485-c2f4-41a8-805f-14b5f59ad1d6', 'TIRE_PRESSURE_MONITORING_SYSTEM');
insert into auto_vehicle_feature (vehicle_id, feature) values ('f3f49485-c2f4-41a8-805f-14b5f59ad1d6', 'LANE_DEPARTURE_WARNING_SYSTEM');
insert into auto_vehicle_feature (vehicle_id, feature) values ('f3f49485-c2f4-41a8-805f-14b5f59ad1d6', 'KEYLESS_CENTRAL_DOOR_LOCK');
insert into auto_vehicle_feature (vehicle_id, feature) values ('f3f49485-c2f4-41a8-805f-14b5f59ad1d6', 'CRUISE_CONTROL');
insert into auto_vehicle_feature (vehicle_id, feature) values ('f3f49485-c2f4-41a8-805f-14b5f59ad1d6', 'METALLIC');
insert into auto_vehicle_feature (vehicle_id, feature) values ('a5a66d9e-e1e0-4b10-aa42-e73a64d7f62d', 'ROOF_RACK');
insert into auto_vehicle_feature (vehicle_id, feature) values ('a5a66d9e-e1e0-4b10-aa42-e73a64d7f62d', 'LEATHER_STEERING_WHEEL');
insert into auto_vehicle_feature (vehicle_id, feature) values ('a5a66d9e-e1e0-4b10-aa42-e73a64d7f62d', 'PASSENGER_SIDE_AIRBAG');
insert into auto_vehicle_feature (vehicle_id, feature) values ('a5a66d9e-e1e0-4b10-aa42-e73a64d7f62d', 'SEAT_HEATING');
insert into auto_vehicle_feature (vehicle_id, feature) values ('a5a66d9e-e1e0-4b10-aa42-e73a64d7f62d', 'PARKING_ASSIST_SYSTEM_SENSORS_FRONT');
insert into auto_vehicle_feature (vehicle_id, feature) values ('a5a66d9e-e1e0-4b10-aa42-e73a64d7f62d', 'AIR_CONDITIONING');
insert into auto_vehicle_feature (vehicle_id, feature) values ('a5a66d9e-e1e0-4b10-aa42-e73a64d7f62d', 'TRACTION_CONTROL');
insert into auto_vehicle_feature (vehicle_id, feature) values ('a5a66d9e-e1e0-4b10-aa42-e73a64d7f62d', 'SKI_BAG');
insert into auto_vehicle_feature (vehicle_id, feature) values ('a5a66d9e-e1e0-4b10-aa42-e73a64d7f62d', 'ARMREST');
insert into auto_vehicle_feature (vehicle_id, feature) values ('a5a66d9e-e1e0-4b10-aa42-e73a64d7f62d', 'GUARANTEE');
insert into auto_vehicle_feature (vehicle_id, feature) values ('a5a66d9e-e1e0-4b10-aa42-e73a64d7f62d', 'SPORT_SEATS');
insert into auto_vehicle_feature (vehicle_id, feature) values ('a5a66d9e-e1e0-4b10-aa42-e73a64d7f62d', 'TRAILER_HITCH');
insert into auto_vehicle_feature (vehicle_id, feature) values ('a5a66d9e-e1e0-4b10-aa42-e73a64d7f62d', 'AUTOMATIC_CLIMATE_CONTROL');
insert into auto_vehicle_feature (vehicle_id, feature) values ('a5a66d9e-e1e0-4b10-aa42-e73a64d7f62d', 'ALLOY_WHEELS');
insert into auto_vehicle_feature (vehicle_id, feature) values ('43028f44-eb5c-4f6c-9a71-d498728af2de', 'DRIVER_DROWSINESS_DETECTION');
insert into auto_vehicle_feature (vehicle_id, feature) values ('43028f44-eb5c-4f6c-9a71-d498728af2de', 'SUNROOF');
insert into auto_vehicle_feature (vehicle_id, feature) values ('43028f44-eb5c-4f6c-9a71-d498728af2de', 'SOUND_SYSTEM');
insert into auto_vehicle_feature (vehicle_id, feature) values ('43028f44-eb5c-4f6c-9a71-d498728af2de', 'SPORT_PACKAGE');
insert into auto_vehicle_feature (vehicle_id, feature) values ('43028f44-eb5c-4f6c-9a71-d498728af2de', 'ELECTRICAL_SIDE_MIRRORS');
insert into auto_vehicle_feature (vehicle_id, feature) values ('43028f44-eb5c-4f6c-9a71-d498728af2de', 'BLUETOOTH');
insert into auto_vehicle_feature (vehicle_id, feature) values ('43028f44-eb5c-4f6c-9a71-d498728af2de', 'EMERGENCY_BRAKE_ASSISTANT');
insert into auto_vehicle_feature (vehicle_id, feature) values ('43028f44-eb5c-4f6c-9a71-d498728af2de', 'GUARANTEE');
insert into auto_engines (id, fuel_type, power, euro_standard) values ('53a4ba76-9cda-44a1-8d17-10702b1d405a', 'GASOLINE', 522, 'EURO4');
insert into auto_engines (id, fuel_type, power, euro_standard) values ('f18d602b-e1a5-48d0-a68f-92ebbc397a00', 'HYDROGEN', 81, 'EURO3');
insert into auto_engines (id, fuel_type, power, euro_standard) values ('05cb0dce-a3dc-4118-b074-31e1c988d8ec', 'ELECTRIC_GASOLINE', 61, 'EURO5');
insert into auto_engines (id, fuel_type, power, euro_standard) values ('b7cb4a98-360d-4c36-8f33-3ad04e20c07b', 'HYDROGEN', 247, 'EURO2');
insert into auto_engines (id, fuel_type, power, euro_standard) values ('f052ea83-f592-4bf8-9144-dbf2a9fe1e98', 'HYDROGEN', 519, 'EURO2');
insert into auto_engines (id, fuel_type, power, euro_standard) values ('7762a314-2d24-483e-9237-215cd61865c2', 'LPG', 283, 'EURO2');
insert into auto_engines (id, fuel_type, power, euro_standard) values ('23f07003-47e7-400f-9fc8-13b199eacb30', 'ELECTRIC_GASOLINE', 137, 'EURO5');
insert into auto_engines (id, fuel_type, power, euro_standard) values ('db8c05e4-0440-47c1-84c1-d16f98a05016', 'HYDROGEN', 208, 'EURO3');
insert into auto_engines (id, fuel_type, power, euro_standard) values ('e04d1885-c8fc-4a9f-8138-f1f89e32b3b5', 'OTHERS', 157, 'EURO6');
insert into auto_engines (id, fuel_type, power, euro_standard) values ('584e53d6-0309-4a4e-b183-cd57f2848020', 'LPG', 295, 'EURO5');
insert into auto_engines (id, fuel_type, power, euro_standard) values ('8cdc44ce-040c-49fc-9f7e-dca083ec5785', 'ELECTRIC', 525, 'EURO1');
insert into auto_engines (id, fuel_type, power, euro_standard) values ('eba6daf6-bc6c-4bb7-acf1-aca82c273398', 'OTHERS', 278, 'EURO1');
insert into auto_engines (id, fuel_type, power, euro_standard) values ('3cc51a95-bda5-4f89-a3a5-585d99dea069', 'HYDROGEN', 377, 'EURO2');
insert into auto_engines (id, fuel_type, power, euro_standard) values ('87397e9e-ae61-4830-ba93-d09c6f0ab953', 'CNG', 413, 'EURO6');
insert into auto_engines (id, fuel_type, power, euro_standard) values ('3b0337f1-d391-4e8d-829f-001052ab3160', 'GASOLINE', 181, 'EURO4');
insert into auto_engines (id, fuel_type, power, euro_standard) values ('21c39695-d191-4e3f-ab53-8d0fed602580', 'LPG', 517, 'EURO2');
insert into auto_engines (id, fuel_type, power, euro_standard) values ('8cb6c186-7c11-4a8d-81eb-9d315f330c2f', 'OTHERS', 209, 'EURO5');
insert into auto_engines (id, fuel_type, power, euro_standard) values ('7f1166dc-49d2-483a-889c-f2d3f026fa73', 'DIESEL', 329, 'EURO6');
insert into auto_engines (id, fuel_type, power, euro_standard) values ('54e4bf76-fcce-4f49-b3b8-f46b336e5372', 'ETHANOL', 403, 'EURO6');
insert into auto_engines (id, fuel_type, power, euro_standard) values ('c584c5ef-6103-4a4c-8274-e47b4986e9c7', 'ELECTRIC_GASOLINE', 543, 'EURO4');
insert into auto_engines (id, fuel_type, power, euro_standard) values ('ee367852-28c0-49c4-afd6-c7484346a089', 'OTHERS', 123, 'EURO6');
insert into auto_engines (id, fuel_type, power, euro_standard) values ('f2f529ba-a90b-4ae5-96dc-a8eac83553ee', 'ELECTRIC', 497, 'EURO5');
insert into auto_engines (id, fuel_type, power, euro_standard) values ('0cb41f63-9aca-4c9c-ab00-775ca3d32f70', 'ELECTRIC_DIESEL', 526, 'EURO1');
insert into auto_engines (id, fuel_type, power, euro_standard) values ('be125f90-0188-4edd-a16f-e2df136b3e75', 'CNG', 471, 'EURO4');
insert into auto_engines (id, fuel_type, power, euro_standard) values ('96ea6f9d-1010-4095-aeec-6bfc3d56ba48', 'ELECTRIC_DIESEL', 146, 'EURO2');
insert into auto_engines (id, fuel_type, power, euro_standard) values ('2a29a821-1eb2-4d8d-82a8-5f94d33e2ac6', 'ETHANOL', 111, 'EURO2');
insert into auto_engines (id, fuel_type, power, euro_standard) values ('e9dc590e-2031-4e60-ab0b-d736928c7e3a', 'LPG', 543, 'EURO1');
insert into auto_engines (id, fuel_type, power, euro_standard) values ('cf84bab8-9fe4-4005-bb4c-ba4794e11cbe', 'CNG', 424, 'EURO5');
insert into auto_engines (id, fuel_type, power, euro_standard) values ('1382f1db-14f4-4c53-b9de-4fe1fae92830', 'ELECTRIC', 62, 'EURO3');
insert into auto_engines (id, fuel_type, power, euro_standard) values ('f646195f-c425-4757-bb64-18f4eb1218e7', 'DIESEL', 197, 'EURO3');
insert into auto_engines (id, fuel_type, power, euro_standard) values ('3693525f-d12a-4f68-9ae2-b112c6d76242', 'CNG', 491, 'EURO2');
insert into auto_engines (id, fuel_type, power, euro_standard) values ('ff9e8f7b-1234-49a5-b0b5-63d5909370dc', 'LPG', 539, 'EURO4');
insert into auto_engines (id, fuel_type, power, euro_standard) values ('e2d80e3b-3d9f-4b5a-b939-34fffe308b88', 'ELECTRIC_GASOLINE', 84, 'EURO2');
insert into auto_engines (id, fuel_type, power, euro_standard) values ('6ff22292-9170-409f-a3b0-21b2db84c6d3', 'GASOLINE', 226, 'EURO3');
insert into auto_engines (id, fuel_type, power, euro_standard) values ('4d7a78ab-0745-4dda-a0a1-e94184697e27', 'HYDROGEN', 287, 'EURO5');
insert into auto_engines (id, fuel_type, power, euro_standard) values ('5f9a7391-80cb-4175-ab21-e5358192676a', 'LPG', 463, 'EURO4');
insert into auto_engines (id, fuel_type, power, euro_standard) values ('4c95690d-8ecb-42a5-97b2-09726ae34a68', 'HYDROGEN', 292, 'EURO5');
insert into auto_engines (id, fuel_type, power, euro_standard) values ('a45d4709-b09b-43d3-b581-31963e2d0143', 'ELECTRIC_DIESEL', 436, 'EURO5');
insert into auto_engines (id, fuel_type, power, euro_standard) values ('15db047d-29c2-455e-a41d-0820418c716f', 'GASOLINE', 365, 'EURO1');
insert into auto_engines (id, fuel_type, power, euro_standard) values ('01d2dfab-1f6a-4c76-a278-6e03fa43fcc1', 'OTHERS', 51, 'EURO5');
insert into auto_engines (id, fuel_type, power, euro_standard) values ('1332fd01-b310-4deb-95e9-710baf463c0b', 'GASOLINE', 546, 'EURO2');
insert into auto_engines (id, fuel_type, power, euro_standard) values ('791318ac-ba2f-42e4-b963-c9834a7b5e86', 'CNG', 259, 'EURO3');
insert into auto_engines (id, fuel_type, power, euro_standard) values ('a4d8b217-acdd-4032-a46c-03205e26e32b', 'ELECTRIC_DIESEL', 85, 'EURO4');
insert into auto_engines (id, fuel_type, power, euro_standard) values ('2b8e3336-cdca-4ce8-a0f5-6aa53934a3d0', 'DIESEL', 68, 'EURO5');
insert into auto_engines (id, fuel_type, power, euro_standard) values ('3e06762c-e6b5-44fc-bf75-271f28b17915', 'CNG', 269, 'EURO5');
insert into auto_engines (id, fuel_type, power, euro_standard) values ('cf4d6bd3-5bb9-44c6-8744-db0505aad462', 'HYDROGEN', 217, 'EURO1');
insert into auto_engines (id, fuel_type, power, euro_standard) values ('0c4b81b2-c9c3-41da-803c-d688bfa4e4bb', 'LPG', 341, 'EURO5');
insert into auto_engines (id, fuel_type, power, euro_standard) values ('6b2a1916-d934-4d91-a617-74a8bd69dde8', 'LPG', 274, 'EURO2');
insert into auto_engines (id, fuel_type, power, euro_standard) values ('3d8f7164-6f84-41f7-85a6-4b01e7a1ed31', 'ETHANOL', 490, 'EURO2');
insert into auto_engines (id, fuel_type, power, euro_standard) values ('d0e92f32-47fd-4894-b447-002776840d21', 'ELECTRIC_DIESEL', 311, 'EURO6');
insert into auto_engines (id, fuel_type, power, euro_standard) values ('d0af2b56-ceae-47ba-a857-534ebfe1a389', 'LPG', 438, 'EURO2');
insert into auto_engines (id, fuel_type, power, euro_standard) values ('3f30fe01-2549-49d1-afea-271ef043a7f6', 'ELECTRIC_DIESEL', 227, 'EURO5');
insert into auto_engines (id, fuel_type, power, euro_standard) values ('6b8630e0-442a-44a0-8df2-66e1f7a1faf4', 'LPG', 112, 'EURO4');
insert into auto_engines (id, fuel_type, power, euro_standard) values ('371346cb-10a3-4b97-92b0-9902a4b7c51b', 'CNG', 154, 'EURO4');
insert into auto_engines (id, fuel_type, power, euro_standard) values ('02e11a66-69f8-4399-a160-61409e2d71a1', 'DIESEL', 302, 'EURO2');
insert into auto_engines (id, fuel_type, power, euro_standard) values ('b3915527-1b41-4bb2-bb20-b8b3e0b433f2', 'HYDROGEN', 237, 'EURO2');
insert into auto_engines (id, fuel_type, power, euro_standard) values ('4d36ebd6-95f2-47ac-bc46-0ea07e00c751', 'ELECTRIC', 165, 'EURO4');
insert into auto_engines (id, fuel_type, power, euro_standard) values ('d9342ea8-aafc-4de2-ba43-b3b9b31a08ce', 'ELECTRIC', 263, 'EURO1');
insert into auto_engines (id, fuel_type, power, euro_standard) values ('4b727492-4651-44af-bc94-e239f8b4e236', 'ELECTRIC_DIESEL', 129, 'EURO1');
insert into auto_engines (id, fuel_type, power, euro_standard) values ('4a7d0c17-64b6-4d87-a7b3-cb9f52597e4b', 'ELECTRIC_DIESEL', 538, 'EURO3');
insert into auto_engines (id, fuel_type, power, euro_standard) values ('6b259f92-8d52-4929-9559-bd9d30573468', 'OTHERS', 254, 'EURO1');
insert into auto_engines (id, fuel_type, power, euro_standard) values ('003093e7-bdc0-45bf-ab98-04b315b0106b', 'ELECTRIC', 410, 'EURO3');
insert into auto_engines (id, fuel_type, power, euro_standard) values ('23624411-9acb-45f7-a8d1-bfe7af888fca', 'ELECTRIC', 437, 'EURO3');
insert into auto_engines (id, fuel_type, power, euro_standard) values ('e3b0cc7c-e37a-4740-b6cd-8b77fe01ca53', 'ELECTRIC_DIESEL', 292, 'EURO1');
insert into auto_engines (id, fuel_type, power, euro_standard) values ('25116eaa-4244-42e9-90dc-07265cb48581', 'OTHERS', 197, 'EURO5');
insert into auto_engines (id, fuel_type, power, euro_standard) values ('321aecbf-ca3e-4fa1-9b8a-0282a68a7096', 'DIESEL', 297, 'EURO2');
insert into auto_engines (id, fuel_type, power, euro_standard) values ('075df99f-76ea-499a-b065-2bbea11f7440', 'LPG', 357, 'EURO4');
insert into auto_engines (id, fuel_type, power, euro_standard) values ('c7b12f63-0710-401f-b684-63fb7353863d', 'ELECTRIC', 187, 'EURO3');
insert into auto_engines (id, fuel_type, power, euro_standard) values ('f7a02b1c-daba-4f5c-890b-1e43d2b496fe', 'ELECTRIC_GASOLINE', 80, 'EURO5');
insert into auto_engines (id, fuel_type, power, euro_standard) values ('023aad33-6e3a-417f-ab0e-14d819e191b7', 'ETHANOL', 244, 'EURO3');
insert into auto_engines (id, fuel_type, power, euro_standard) values ('ab688599-3143-4927-9c11-27740c4adf1c', 'ETHANOL', 172, 'EURO2');
insert into auto_engines (id, fuel_type, power, euro_standard) values ('19f30e96-4bb2-41b0-bd9e-b72e37c87025', 'ELECTRIC_GASOLINE', 265, 'EURO1');
insert into auto_engines (id, fuel_type, power, euro_standard) values ('006dd757-59a1-4602-883c-d443b9da3076', 'OTHERS', 112, 'EURO5');
insert into auto_engines (id, fuel_type, power, euro_standard) values ('9ec54ece-2757-4f85-9d4b-2f2be8657ee7', 'HYDROGEN', 85, 'EURO3');
insert into auto_engines (id, fuel_type, power, euro_standard) values ('aab9065d-b56f-429c-8b9c-e07eaa3f57ca', 'ELECTRIC_DIESEL', 488, 'EURO2');
insert into auto_engines (id, fuel_type, power, euro_standard) values ('f7662671-d632-407b-9a34-4db0b753c2d7', 'DIESEL', 336, 'EURO6');
insert into auto_engines (id, fuel_type, power, euro_standard) values ('f45d253f-8d52-4bea-8518-906cb7cf5094', 'HYDROGEN', 495, 'EURO3');
insert into auto_engines (id, fuel_type, power, euro_standard) values ('6b42b85e-e901-4f8b-b64d-ddf9ddcce3df', 'ELECTRIC_DIESEL', 162, 'EURO3');
insert into auto_engines (id, fuel_type, power, euro_standard) values ('18e4b04b-1976-4ae8-b444-fb09675a3c78', 'HYDROGEN', 419, 'EURO5');
insert into auto_engines (id, fuel_type, power, euro_standard) values ('a8a55aad-7e4b-4230-8e1e-53ac7687a68a', 'GASOLINE', 370, 'EURO5');
insert into auto_engines (id, fuel_type, power, euro_standard) values ('3fd88161-1865-41f8-8c03-52297a597ba5', 'DIESEL', 231, 'EURO2');
insert into auto_engines (id, fuel_type, power, euro_standard) values ('62ca8adc-e244-4849-afc0-c6cc6406880e', 'ELECTRIC_GASOLINE', 190, 'EURO6');
insert into auto_engines (id, fuel_type, power, euro_standard) values ('569c22fe-99fc-43c2-b690-4f0d2fa0705b', 'HYDROGEN', 410, 'EURO5');
insert into auto_engines (id, fuel_type, power, euro_standard) values ('d632349f-8c52-473c-8b82-66c060558225', 'ELECTRIC_GASOLINE', 175, 'EURO5');
insert into auto_engines (id, fuel_type, power, euro_standard) values ('ddb5175c-996b-4c0c-bce9-99b8d0410716', 'ELECTRIC_GASOLINE', 223, 'EURO2');
insert into auto_engines (id, fuel_type, power, euro_standard) values ('8a61eb46-7d84-4faa-8cef-c42b7039adcf', 'ELECTRIC', 265, 'EURO2');
insert into auto_engines (id, fuel_type, power, euro_standard) values ('8e46a12d-1387-49ff-a748-2a8e8e265cd8', 'ETHANOL', 217, 'EURO2');
insert into auto_engines (id, fuel_type, power, euro_standard) values ('7bf71f86-9dfc-4d23-85dc-10a27191e446', 'GASOLINE', 416, 'EURO1');
insert into auto_engines (id, fuel_type, power, euro_standard) values ('36e5374b-ce9e-479a-a434-4a47030abd93', 'HYDROGEN', 137, 'EURO1');
insert into auto_engines (id, fuel_type, power, euro_standard) values ('de59693e-6639-46fb-989d-b47eb75b5a5b', 'HYDROGEN', 432, 'EURO3');
insert into auto_engines (id, fuel_type, power, euro_standard) values ('a85927fc-de69-44b9-9e03-a68ed89d29ac', 'LPG', 295, 'EURO1');
insert into auto_engines (id, fuel_type, power, euro_standard) values ('f052616d-def3-4366-8382-6cedf370373a', 'LPG', 442, 'EURO2');
insert into auto_engines (id, fuel_type, power, euro_standard) values ('4f8ee684-c712-4e5a-b6b9-2b12c8faf2b9', 'LPG', 202, 'EURO3');
insert into auto_engines (id, fuel_type, power, euro_standard) values ('17f0b4e3-523b-46d6-99bc-27f8f3f47673', 'CNG', 531, 'EURO2');
insert into auto_engines (id, fuel_type, power, euro_standard) values ('7bff4349-dc2b-4039-b8f9-b1628095ec72', 'CNG', 74, 'EURO6');
insert into auto_engines (id, fuel_type, power, euro_standard) values ('03b91ba4-63af-42cc-bc4b-11beaa6b24a8', 'ELECTRIC', 234, 'EURO4');
insert into auto_engines (id, fuel_type, power, euro_standard) values ('94b4bc45-5751-4f59-a17b-23993c110260', 'OTHERS', 523, 'EURO2');
insert into auto_engines (id, fuel_type, power, euro_standard) values ('f3f49485-c2f4-41a8-805f-14b5f59ad1d6', 'OTHERS', 386, 'EURO6');
insert into auto_engines (id, fuel_type, power, euro_standard) values ('a5a66d9e-e1e0-4b10-aa42-e73a64d7f62d', 'ELECTRIC_DIESEL', 421, 'EURO4');
insert into auto_engines (id, fuel_type, power, euro_standard) values ('43028f44-eb5c-4f6c-9a71-d498728af2de', 'ELECTRIC_GASOLINE', 139, 'EURO5');